Id,area_primeiro_andar,existe_segundo_andar,area_segundo_andar,quantidade_banheiros,capacidade_carros_garagem,qualidade_da_cozinha_Excelente,preco_de_venda
1,79.52239999999999,1,79.33659999999999,2,50.910442214790045,0,1.027905e6
2,117.2398,0,0.0,2,42.73504273504274,0,894795.0
3,85.468,1,80.45139999999999,2,56.48457822370866,0,1.101855e6
4,89.2769,1,70.2324,1,59.64325529542921,0,690200.0
5,106.3705,1,97.8237,2,77.66629505759941,0,1.2325e6
6,73.94839999999999,1,52.5814,1,44.593088071348944,0,704990.0
7,157.3726,0,0.0,2,59.08584169453735,0,1.51351e6
8,102.8403,1,91.3207,2,44.964697138610184,0,986000.0
9,94.9438,1,69.8608,2,43.47826086956522,0,640407.0
10,100.0533,0,0.0,1,19.04496469713861,0,581740.0
11,96.616,0,0.0,1,35.67447045707915,0,638435.0
12,109.8078,1,106.0918,3,68.37606837606837,1,1.70085e6
13,84.7248,0,0.0,1,32.70159791898922,0,709920.0
14,138.7926,0,0.0,2,78.03790412486065,0,1.377935e6
15,116.4037,0,0.0,1,32.70159791898922,0,774010.0
16,79.33659999999999,0,0.0,1,53.51170568561873,0,650760.0
17,93.2716,0,0.0,1,44.593088071348944,0,734570.0
18,120.3984,0,0.0,2,47.937569676700114,0,443700.0
19,103.4906,0,0.0,1,53.51170568561873,0,783870.0
20,124.3931,0,0.0,1,27.313266443701227,0,685270.0
21,107.5782,1,113.1522,3,79.24563359345969,0,1.603729e6
22,102.9332,0,0.0,1,26.012634708286885,0,687242.0
23,166.75549999999998,0,0.0,2,49.6098104793757,0,1.1339e6
24,98.474,0,0.0,1,53.14009661835749,0,640407.0
25,98.474,0,0.0,1,25.08361204013378,0,759220.0
26,148.64,0,0.0,2,82.68301746562616,0,1.263559e6
27,83.61,0,0.0,1,53.51170568561873,0,664564.0
28,158.3016,0,0.0,2,71.72054998141955,0,1.50858e6
29,148.64,0,0.0,1,29.635823114083987,0,1.022975e6
30,48.308,0,0.0,1,22.296544035674472,0,337705.0
31,60.2921,1,62.0572,1,23.225566703827575,0,197200.0
32,114.0812,0,0.0,1,25.17651430694909,0,736295.5
33,114.6386,0,0.0,2,44.964697138610184,0,886907.0
34,157.93,0,0.0,1,41.527313266443706,0,815915.0
35,145.0169,0,0.0,2,51.653660349312524,1,1.368075e6
36,105.1628,1,122.628,3,64.19546636937942,0,1.52337e6
37,101.9113,0,0.0,1,62.43032329988852,0,714850.0
38,120.4913,0,0.0,1,46.265328874024526,0,754290.0
39,98.1953,0,0.0,1,22.853957636566335,0,537370.0
40,107.0208,0,0.0,2,0.0,0,404260.0
41,122.9996,0,0.0,2,40.876997398736535,0,788800.0
42,123.3712,0,0.0,1,28.613898179115573,0,838100.0
43,82.1236,0,0.0,1,46.82274247491639,0,709920.0
44,87.1402,0,0.0,1,28.613898179115573,0,642132.5
45,106.835,0,0.0,1,27.87068004459309,0,695130.0
46,162.7608,0,0.0,2,53.51170568561873,1,1.577107e6
47,141.0222,1,58.6199,1,62.2445187662579,0,1.18165198e6
48,153.8424,0,0.0,2,76.7372723894463,0,1.231021e6
49,68.3744,1,66.5164,2,0.0,0,557090.0
50,88.7195,0,0.0,1,35.860274990709776,0,626110.0
51,73.76259999999999,1,62.8004,2,36.0460795243404,0,872610.0
52,75.8064,0,0.0,1,49.05239687848384,0,564485.0
53,75.8064,0,0.0,1,47.937569676700114,0,542300.0
55,126.344,0,0.0,1,53.14009661835749,0,640900.0
56,132.3825,0,0.0,2,53.51170568561873,0,889865.0
57,91.3207,1,70.2324,2,44.593088071348944,0,850425.0
58,79.89399999999999,1,79.89399999999999,2,52.48978075065032,0,968745.0
60,72.462,0,0.0,1,32.70159791898922,0,615757.0
61,107.5782,0,0.0,1,53.51170568561873,0,778940.0
62,53.9749,1,49.237,1,26.755852842809364,0,497930.0
63,127.273,0,0.0,2,44.964697138610184,0,998325.0
64,83.7958,1,75.0632,2,44.593088071348944,0,690200.0
65,98.1953,1,90.7633,2,59.921962095875145,0,1.082135e6
66,106.1847,1,123.557,2,79.15273132664437,0,1.56281e6
67,205.0303,0,0.0,2,53.51170568561873,0,887400.0
68,137.3991,0,0.0,2,51.83946488294315,0,1.11418e6
69,69.3963,0,0.0,1,20.438498699368267,0,394400.0
70,121.1416,1,91.3207,2,61.96581196581197,0,1.10925e6
71,206.5167,0,0.0,2,47.937569676700114,0,1.20292e6
72,78.5005,0,0.0,1,33.44481605351171,0,638435.0
73,82.2165,1,77.3857,2,39.6692679301375,0,912050.0
74,100.8894,0,0.0,1,45.52211073950205,0,714357.0
75,78.036,1,71.0685,2,35.209959123002605,0,529482.0
76,48.8654,1,42.9198,1,27.59197324414716,0,448630.0
77,88.4408,0,0.0,1,26.291341508732813,0,669247.5
78,99.5888,1,19.7877,1,22.296544035674472,0,626110.0
79,164.2472,0,0.0,2,0.0,0,672945.0
80,63.3578,1,50.9092,1,40.876997398736535,0,542300.0
81,109.8078,1,89.184,2,47.28725380899294,0,953955.0
82,124.2073,0,0.0,2,37.62541806020067,0,756755.0
83,145.2027,0,0.0,2,70.41991824600521,0,1.20785e6
84,98.9385,0,0.0,1,42.82794500185805,0,623645.0
85,74.6916,1,62.243,2,37.16090672612412,0,830705.0
86,120.8629,1,103.6764,2,42.920847268673356,0,1.2818e6
87,63.5436,1,81.3804,2,37.16090672612412,0,857820.0
88,56.8548,1,56.8548,2,49.05239687848384,0,810985.0
89,94.1077,0,0.0,1,0.0,0,419050.0
90,91.971,0,0.0,1,0.0,0,609348.0
91,96.616,0,0.0,1,39.01895206243032,0,541807.0
92,114.7315,0,0.0,1,44.593088071348944,0,486098.0
93,89.5556,0,0.0,1,40.13377926421405,0,806055.0
94,117.054,1,95.7799,2,47.00854700854701,0,660127.0
95,84.0745,1,81.8449,2,63.545150501672246,0,1.0094175e6
96,63.172,1,73.39099999999999,2,39.01895206243032,0,912050.0
97,147.52519999999998,0,0.0,2,43.84986993682646,0,1.05502e6
98,89.184,0,0.0,1,40.13377926421405,0,467117.5
99,77.5715,0,0.0,1,34.00222965440357,0,409190.0
100,113.8025,0,0.0,1,0.0,0,635723.5
101,149.569,0,0.0,2,44.593088071348944,0,1.01065e6
102,90.7633,1,70.1395,2,44.221479004087705,0,877540.0
103,142.6015,0,0.0,2,38.08992939427722,0,586492.52
104,113.8954,0,0.0,2,68.74767744332962,0,980577.0
105,113.8954,1,54.9968,1,22.296544035674472,0,835635.0
106,97.8237,1,87.2331,2,60.200668896321076,0,1.2325e6
107,97.2663,0,0.0,1,25.36231884057971,0,493000.0
108,73.29809999999999,0,0.0,1,23.225566703827575,0,566950.0
109,92.6213,1,48.308,2,0.0,0,566950.0
110,171.30759999999998,0,0.0,2,50.72463768115942,0,936700.0
111,112.9664,1,59.3631,2,30.193236714975846,0,674917.0
112,71.9046,1,60.9424,2,37.16090672612412,0,887400.0
113,119.0978,1,131.3606,2,73.57859531772576,1,1.8929721e6
114,209.8611,0,0.0,2,41.80602006688964,0,1.06981e6
115,133.40439999999998,1,82.1236,2,16.722408026755854,0,1.279335e6
116,67.72409999999999,1,67.72409999999999,2,40.876997398736535,0,867680.0
117,101.4468,0,0.0,1,26.755852842809364,0,685270.0
118,104.5125,0,0.0,1,39.947974730583425,0,764150.0
119,157.8371,1,141.48669999999998,3,55.18394648829432,0,1.5776e6
120,67.63119999999999,1,67.63119999999999,2,36.231884057971016,0,808470.7
121,91.7852,0,0.0,1,50.16722408026756,0,887400.0
122,71.7188,1,32.6079,1,24.52619843924192,0,493000.0
123,100.332,0,0.0,1,26.755852842809364,0,670480.0
124,111.3871,0,0.0,2,49.238201412114456,0,758727.0
125,147.33939999999998,0,0.0,2,40.41248606465998,0,892330.0
126,48.308,0,0.0,1,0.0,0,416585.0
127,88.9982,0,0.0,2,40.876997398736535,0,631040.0
128,78.036,0,0.0,1,0.0,0,428910.0
129,61.314,1,63.9152,1,42.08472686733557,0,764150.0
130,97.8237,0,0.0,1,69.67670011148273,1,739500.0
131,112.9664,1,87.4189,2,45.243403939056115,0,1.11418e6
132,94.9438,1,95.8728,2,36.231884057971016,0,1.20292e6
133,123.2783,0,0.0,1,57.971014492753625,0,743197.5
134,120.3984,0,0.0,2,43.75696767001115,0,1.0846e6
135,159.8809,0,0.0,2,40.876997398736535,0,887400.0
136,156.2578,0,0.0,2,49.238201412114456,0,857820.0
137,112.7806,0,0.0,2,29.542920847268675,0,704990.0
138,181.9911,0,0.0,3,71.16313638052769,0,843030.0
139,93.2716,1,78.7792,2,61.315496098104795,0,1.1339e6
140,86.21119999999999,1,77.6644,2,43.66406540319584,0,1.141295e6
141,80.26559999999999,0,0.0,1,0.0,0,566950.0
142,161.0886,0,0.0,2,61.315496098104795,0,1.2818e6
143,84.539,1,44.1275,2,66.88963210702342,0,818380.0
144,139.4429,0,0.0,2,53.604607952434044,0,1.00572e6
145,160.53119999999998,0,0.0,2,46.82274247491639,0,616250.0
146,90.113,1,68.6531,2,35.30286138981791,0,640900.0
147,81.2875,0,0.0,1,16.722408026755854,0,517650.0
148,82.1236,1,106.9279,2,40.31958379784467,0,1.096925e6
149,100.332,0,0.0,1,0.0,0,695130.0
150,83.2384,1,41.6192,1,22.296544035674472,0,566950.0
151,90.0201,0,0.0,1,40.876997398736535,0,601460.0
152,158.85899999999998,0,0.0,2,80.45336306205871,0,1.83594186e6
153,101.9113,1,83.2384,2,45.9866220735786,0,936700.0
154,116.3108,0,0.0,1,52.39687848383501,0,1.15855e6
155,111.48,0,0.0,1,28.985507246376812,0,616250.0
156,53.1388,1,48.6796,1,0.0,0,389470.0
157,96.616,0,0.0,1,58.06391675956894,0,539835.0
158,71.9046,1,110.9226,2,63.17354143441101,1,1.328635e6
159,92.0639,1,88.8124,2,62.987736900780384,0,1.256657e6
160,129.3168,1,99.403,2,53.51170568561873,0,1.5776e6
161,114.4528,0,0.0,2,47.937569676700114,0,801125.0
163,143.1589,0,0.0,2,49.42400594574508,0,1.0846e6
164,81.9378,0,0.0,1,0.0,0,508776.0
165,106.7421,1,43.3843,2,20.066889632107024,0,749360.0
166,75.0632,1,50.8163,2,0.0,0,628575.0
167,173.4443,0,0.0,1,28.14938684503902,0,936700.0
168,149.569,1,51.1879,1,73.29988851727983,1,1.6053263199999998e6
169,78.036,1,81.752,2,40.876997398736535,0,904655.0
170,158.5803,0,0.0,2,47.47305834262356,0,1.12404e6
171,79.33659999999999,0,0.0,1,61.315496098104795,0,633505.0
172,153.8424,0,0.0,1,49.05239687848384,0,1.05995e6
173,98.8456,1,65.3087,2,46.82274247491639,0,1.17827e6
174,126.5298,0,0.0,1,46.82274247491639,0,803590.0
175,153.37789999999998,0,0.0,2,57.227796358231146,0,907120.0
176,200.4782,0,0.0,2,53.51170568561873,0,1.19799e6
177,108.1356,1,83.2384,2,48.40208101077667,0,1.04023e6
178,116.3108,1,62.0572,2,41.898922333704945,0,850425.0
180,89.9272,0,0.0,1,44.593088071348944,0,493000.0
181,71.4401,1,70.2324,2,40.876997398736535,0,872610.0
182,83.7029,1,83.7029,1,20.066889632107024,0,986493.0
183,124.486,0,0.0,1,23.411371237458194,0,591600.0
184,126.5298,1,66.88799999999999,2,44.964697138610184,0,986000.0
185,86.95439999999999,1,29.3564,1,53.51170568561873,0,626110.0
187,113.0593,0,0.0,2,46.17242660720922,0,852890.0
188,75.0632,1,65.4016,2,16.722408026755854,0,665550.0
189,113.7096,0,0.0,0,49.05239687848384,0,755951.4099999999
190,147.9897,0,0.0,1,63.35934596804162,1,1.40998e6
191,143.9021,1,109.4362,2,40.876997398736535,0,1.55295e6
192,67.35249999999999,1,70.0466,1,44.964697138610184,0,907120.0
193,132.9399,0,0.0,2,61.87290969899666,0,946560.0
194,90.113,1,68.6531,2,35.30286138981791,0,640900.0
195,80.26559999999999,0,0.0,1,32.70159791898922,0,626110.0
196,79.42949999999999,1,55.8329,2,40.876997398736535,0,732105.0
197,160.34539999999998,0,0.0,2,73.0211817168339,1,1.53752896e6
198,126.344,1,126.344,2,73.85730211817169,0,1.15855e6
199,86.30409999999999,1,86.30409999999999,1,0.0,0,512720.0
200,159.1377,0,0.0,2,79.52434039390562,1,1.355257e6
201,104.1409,0,0.0,2,40.876997398736535,0,690200.0
202,118.8191,0,0.0,2,43.94277220364177,0,845495.0
203,80.35849999999999,1,41.3405,2,36.9751021924935,0,552160.0
204,78.7792,0,0.0,1,39.01895206243032,0,734570.0
205,66.88799999999999,1,52.3956,1,22.296544035674472,0,542300.0
206,133.96179999999998,0,0.0,2,46.45113340765515,0,889865.0
207,157.5584,0,0.0,1,32.4228911185433,0,709427.0
208,102.19,0,0.0,1,28.985507246376812,0,695130.0
209,109.622,1,81.9378,2,42.17762913415088,0,1.36561e6
210,101.4468,0,0.0,1,46.82274247491639,0,714850.0
211,80.26559999999999,0,0.0,1,0.0,0,483140.0
212,112.5948,0,0.0,2,42.73504273504274,0,916980.0
213,86.58279999999999,1,85.468,2,59.82905982905983,0,1.24570254e6
214,91.971,0,0.0,1,53.51170568561873,0,769080.0
215,64.0081,1,65.3087,1,27.77777777777778,0,797427.5
216,114.8244,0,0.0,1,41.527313266443706,0,662838.5
217,133.40439999999998,0,0.0,2,44.964697138610184,0,1.0353e6
218,75.249,1,48.1222,1,19.50947603121516,0,527510.0
219,105.6273,1,75.8993,1,40.04087699739874,0,1.535695e6
220,115.9392,0,0.0,2,40.69119286510591,0,824493.2
221,139.1642,0,0.0,2,62.70903010033445,0,1.010157e6
222,93.829,1,116.7753,2,36.231884057971016,0,986000.0
223,75.3419,1,68.8389,2,40.31958379784467,0,886907.0
224,80.26559999999999,0,0.0,1,53.51170568561873,0,478210.0
225,222.2168,0,0.0,2,89.92939427722037,1,1.9042125e6
226,58.527,1,62.4288,2,26.012634708286885,0,552160.0
227,112.7806,1,121.3274,2,66.98253437383873,0,1.4297e6
228,44.8707,1,46.8216,1,26.012634708286885,0,522580.0
229,84.7248,0,0.0,1,31.21516164994426,0,616250.0
230,144.4595,0,0.0,2,39.947974730583425,0,949025.0
231,110.9226,0,0.0,1,28.985507246376812,0,729640.0
232,138.421,1,121.1416,2,75.25083612040135,1,1.98679e6
233,44.8707,1,46.8216,1,26.755852842809364,0,465885.0
234,83.0526,0,0.0,1,28.613898179115573,0,632026.0
235,79.89399999999999,1,102.19,2,40.876997398736535,0,1.067345e6
236,44.8707,1,46.8216,1,24.52619843924192,0,441235.0
237,131.3606,0,0.0,2,45.893719806763286,0,914515.0
238,94.2006,1,67.817,2,42.45633593459681,0,958885.0
239,157.3726,0,0.0,2,75.99405425492382,0,1.56774e6
240,74.13419999999999,1,64.0081,1,20.438498699368267,0,557090.0
241,145.4814,0,0.0,2,69.67670011148273,0,1.294125e6
242,80.45139999999999,0,0.0,1,0.0,0,544765.0
243,82.5881,1,51.1879,1,32.70159791898922,0,389470.0
244,58.1554,1,54.9039,1,26.755852842809364,0,591600.0
245,113.5238,1,82.4952,2,43.01374953548867,0,1.01065e6
246,173.9088,0,0.0,2,56.11296915644742,0,1.190595e6
247,84.3532,1,94.758,2,40.876997398736535,0,675410.0
248,127.7375,0,0.0,1,41.898922333704945,0,690200.0
249,78.036,1,76.9212,2,46.45113340765515,0,887400.0
251,121.3274,0,0.0,1,0.0,0,377145.0
252,150.9625,0,0.0,2,49.98141954663694,0,1.15855e6
253,74.13419999999999,1,78.2218,2,48.309178743961354,0,852890.0
254,120.9558,0,0.0,2,28.70680044593088,0,778940.0
255,122.0706,0,0.0,1,27.313266443701227,0,714850.0
256,93.3645,1,119.4694,2,39.85507246376812,0,1.1339e6
257,80.26559999999999,1,80.26559999999999,2,62.52322556670383,0,1.022975e6
258,149.0116,0,0.0,2,61.315496098104795,0,1.0846e6
259,89.4627,1,77.0141,2,52.39687848383501,0,1.141295e6
260,81.9378,0,0.0,1,28.613898179115573,0,478210.0
261,128.3878,0,0.0,1,82.1256038647343,0,867680.0
262,137.6778,1,101.4468,2,80.63916759568934,1,1.36068e6
263,112.5948,0,0.0,1,45.70791527313267,0,744430.0
264,86.02539999999999,0,0.0,1,44.964697138610184,0,640900.0
265,70.9756,0,0.0,1,46.82274247491639,0,359890.0
266,132.1038,0,0.0,2,53.51170568561873,0,865215.0
267,74.5058,1,65.8661,2,38.36863619472315,0,912050.0
268,97.7308,1,66.88799999999999,2,22.296544035674472,0,884935.0
269,72.2762,0,0.0,1,85.84169453734671,0,594065.0
270,103.3977,0,0.0,1,46.82274247491639,0,729640.0
271,101.7255,1,78.4076,2,97.82608695652175,0,1.31138e6
272,126.6227,0,0.0,1,40.78409513192122,0,1.190595e6
273,108.1356,1,102.7474,2,62.33742103307321,0,1.4297e6
274,151.6128,0,0.0,2,31.40096618357488,0,685270.0
275,75.8064,0,0.0,1,24.52619843924192,0,613785.0
276,88.4408,1,55.3684,2,62.43032329988852,1,1.01065e6
277,144.924,0,0.0,2,53.232998885172805,0,990930.0
278,80.26559999999999,0,0.0,1,37.16090672612412,0,695130.0
280,107.3924,1,80.45139999999999,2,46.915644741731704,0,946560.0
281,109.1575,1,74.9703,2,53.41880341880342,0,1.126505e6
282,117.2398,0,0.0,2,53.14009661835749,0,912050.0
283,122.0706,0,0.0,2,58.15681902638425,0,1.022975e6
284,136.3772,0,0.0,2,83.42623560014864,0,1.205878e6
285,146.3175,0,0.0,2,49.14529914529915,0,883456.0
286,58.0625,1,58.0625,2,49.05239687848384,0,811971.0
287,100.7965,1,60.2921,1,40.876997398736535,0,783870.0
288,79.70819999999999,0,0.0,1,0.0,0,433840.0
289,83.61,0,0.0,1,26.012634708286885,0,601460.0
290,64.8442,1,64.8442,1,35.67447045707915,0,757124.75
291,100.2391,1,78.036,2,63.638052768487555,0,1.1498239e6
292,86.95439999999999,1,72.462,2,0.0,0,669987.0
293,106.6492,1,52.7672,1,26.105536975102194,0,645830.0
294,136.3772,1,73.85549999999999,2,50.07432181345225,0,1.15855e6
295,152.7276,0,0.0,1,38.83314752879971,0,823310.0
296,93.1787,0,0.0,1,54.626532887402455,0,702525.0
297,84.539,1,60.1992,1,26.198439241917505,0,749360.0
298,90.5775,1,90.5775,2,53.51170568561873,0,1.17827e6
299,96.7089,1,65.2158,1,50.07432181345225,0,862750.0
300,107.0208,0,0.0,1,27.87068004459309,0,781405.0
301,124.1144,0,0.0,1,34.838350055741365,0,774010.0
302,112.409,1,115.3818,2,63.45224823485693,0,1.31631e6
303,143.1589,0,0.0,2,78.31661092530658,0,1.01065e6
304,83.0526,0,0.0,1,51.282051282051285,0,739007.0
305,155.6075,1,168.8922,3,80.82497212931996,0,1.45435e6
306,185.8,0,0.0,2,82.49721293199555,0,1.508087e6
307,104.2338,1,104.1409,2,69.30509104422148,0,1.10925e6
308,96.1515,1,34.4659,1,0.0,0,441235.0
309,79.98689999999999,0,0.0,1,50.07432181345225,0,406725.0
310,180.5976,0,0.0,2,65.77480490523969,1,1.7748e6
311,64.7513,1,74.6916,2,39.01895206243032,0,816408.0
312,90.2988,0,0.0,1,22.296544035674472,0,650760.0
313,73.66969999999999,1,30.1925,1,38.08992939427722,0,591107.0
315,77.2928,1,75.1561,1,50.72463768115942,1,877540.0
316,66.5164,1,66.5164,2,40.13377926421405,0,929305.0
317,107.1137,1,111.48,2,44.964697138610184,1,1.2818e6
318,101.0752,1,80.9159,2,95.22482348569305,0,1.3311e6
319,127.4588,1,118.3546,2,60.943887030843555,0,1.2818e6
320,136.7488,0,0.0,2,54.626532887402455,0,924375.0
321,116.0321,1,125.1363,3,78.03790412486065,0,1.68922999e6
322,105.5344,1,123.7428,2,81.01077666295058,0,1.74522e6
323,144.2737,1,109.3433,2,53.51170568561873,0,1.48393e6
324,108.0427,0,0.0,1,20.438498699368267,0,622042.75
325,176.3242,1,100.332,2,52.39687848383501,0,1.19306e6
326,74.5987,0,0.0,1,33.44481605351171,0,428910.0
327,159.6951,0,0.0,1,43.94277220364177,0,1.59732e6
328,128.48069999999998,0,0.0,1,27.127461910070608,0,716082.5
329,134.2405,1,64.0081,2,40.96989966555184,0,1.057485e6
330,55.3684,1,55.3684,1,17.558528428093645,0,384540.0
331,160.53119999999998,0,0.0,2,32.70159791898922,0,586670.0
332,98.1024,0,0.0,1,28.613898179115573,0,685270.0
333,151.3341,0,0.0,2,81.75399479747307,0,1.40012e6
334,126.1582,0,0.0,2,44.964697138610184,0,1.02051e6
335,87.6047,1,64.5655,2,43.84986993682646,0,946560.0
337,178.5538,0,0.0,2,62.80193236714976,0,1.86071018e6
338,142.6944,0,0.0,2,49.42400594574508,0,1.05502e6
339,150.5909,0,0.0,2,40.876997398736535,0,998325.0
340,112.8735,0,0.0,1,27.59197324414716,0,764150.0
341,92.2497,1,85.0035,2,40.04087699739874,0,1.000297e6
342,78.1289,0,0.0,1,27.313266443701227,0,404260.0
343,96.616,0,0.0,2,37.16090672612412,0,431375.0
344,156.4436,0,0.0,2,52.39687848383501,1,1.31138e6
345,49.7944,1,53.5104,1,31.21516164994426,0,419050.0
346,90.2988,1,56.2045,1,28.985507246376812,0,691186.0
347,88.9982,0,0.0,1,27.9635823114084,0,746895.0
348,137.3062,0,0.0,2,46.265328874024526,0,776475.0
349,70.9756,1,80.07979999999999,2,44.03567447045708,0,759220.0
351,173.6301,0,0.0,2,57.320698625046454,1,1.56804073e6
352,134.9837,0,0.0,1,41.34150873281308,0,936700.0
353,57.2264,1,45.9855,1,18.58045336306206,0,468350.0
354,66.88799999999999,0,0.0,1,44.964697138610184,0,522087.0
355,110.7368,1,37.4387,1,22.296544035674472,0,690200.0
356,111.48,0,0.0,2,48.40208101077667,0,875075.0
357,108.4143,0,0.0,2,37.16090672612412,0,852890.0
358,106.0918,0,0.0,1,49.05239687848384,0,660620.0
359,125.6008,0,0.0,1,26.755852842809364,0,640900.0
360,100.8894,1,77.8502,2,54.998141954663694,0,1.3804e6
361,84.7248,0,0.0,1,43.66406540319584,0,769080.0
362,91.7852,1,48.0293,1,22.296544035674472,0,714850.0
363,45.9855,1,132.5683,3,62.43032329988852,0,978605.0
364,44.8707,1,46.8216,1,24.52619843924192,0,581740.0
365,73.39099999999999,1,72.8336,2,52.58268301746563,0,936700.0
366,62.4288,1,62.4288,1,43.47826086956522,0,724710.0
367,129.5026,0,0.0,1,47.75176514306949,0,783870.0
368,132.9399,0,0.0,1,27.499070977331847,0,813450.0
369,117.7972,0,0.0,1,22.66815310293571,0,650760.0
370,119.5623,0,0.0,1,53.51170568561873,0,798660.0
371,88.5337,1,66.0519,2,42.73504273504274,0,849932.0
372,104.048,1,43.4772,2,63.17354143441101,0,662749.76
373,69.8608,0,0.0,1,24.52619843924192,0,616250.0
374,122.5351,0,0.0,1,25.08361204013378,0,606390.0
375,78.6863,1,100.4249,2,40.31958379784467,0,1.082135e6
376,83.9816,0,0.0,0,0.0,0,300730.0
377,84.9106,0,0.0,1,53.51170568561873,0,729640.0
378,146.78199999999998,1,82.3094,3,56.67038275733928,0,1.6762e6
379,172.42239999999998,0,0.0,1,77.48049052396878,1,1.94454976e6
380,93.5503,1,73.66969999999999,2,43.01374953548867,0,882470.0
381,95.3154,1,61.7785,2,28.613898179115573,0,626110.0
382,120.8629,0,0.0,2,53.14009661835749,0,925607.5
383,87.2331,1,79.70819999999999,2,59.36454849498328,0,1.052555e6
384,72.8336,0,0.0,1,33.44481605351171,0,374680.0
386,117.8901,0,0.0,2,39.947974730583425,0,946560.0
387,61.1282,1,48.8654,1,0.0,0,399330.0
388,104.5125,0,0.0,1,32.70159791898922,0,616250.0
389,137.3991,0,0.0,2,53.604607952434044,0,941630.0
391,89.2769,1,37.7174,1,35.67447045707915,0,586670.0
392,74.6916,1,107.4853,2,52.02526941657377,0,1.05995e6
393,81.9378,0,0.0,1,27.313266443701227,0,525045.0
394,73.20519999999999,0,0.0,1,0.0,0,493000.0
395,68.2815,1,27.7771,1,22.296544035674472,0,537370.0
396,106.2776,0,0.0,1,55.36975102192494,0,635970.0
397,83.0526,0,0.0,1,55.74136008918618,0,606390.0
398,81.3804,1,86.95439999999999,2,24.52619843924192,0,835635.0
399,100.0533,0,0.0,1,31.40096618357488,0,330310.0
400,103.3048,1,40.6902,2,40.69119286510591,0,1.18813e6
401,119.6552,0,0.0,1,46.45113340765515,1,1.210315e6
402,121.699,0,0.0,2,37.16090672612412,0,813400.7
403,62.4288,0,0.0,1,22.296544035674472,0,532440.0
404,108.2285,1,102.0042,2,39.01895206243032,0,1.27194e6
405,74.8774,1,71.1614,2,34.65254552211074,0,828240.0
406,150.498,0,0.0,2,45.52211073950205,0,739500.0
407,108.3214,0,0.0,1,22.296544035674472,0,566950.0
408,78.036,1,78.036,2,28.613898179115573,0,872610.0
409,99.4959,1,102.2829,2,87.97844667409885,0,1.3804e6
410,97.545,1,95.5012,2,77.66629505759941,1,1.6749675e6
411,118.5404,0,0.0,1,32.515793385358606,0,295800.0
412,98.1024,0,0.0,1,53.14009661835749,0,714850.0
413,137.3062,0,0.0,2,44.964697138610184,0,1.09446e6
414,95.5012,0,0.0,1,33.44481605351171,0,566950.0
415,100.332,1,94.4793,2,62.987736900780384,0,1.12404e6
416,124.486,0,0.0,2,36.78929765886288,0,892990.62
417,62.4288,1,67.63119999999999,1,40.876997398736535,0,737035.0
418,127.273,1,116.4966,2,80.2675585284281,0,1.17827e6
419,70.2324,1,35.1162,1,22.296544035674472,0,621180.0
420,98.1024,0,0.0,1,28.24228911185433,0,700060.0
421,124.8576,0,0.0,2,72.83537718320328,0,1.017059e6
422,148.8258,0,0.0,2,49.14529914529915,0,1.05995e6
423,91.7852,0,0.0,1,48.309178743961354,0,557090.0
424,136.563,1,107.764,2,64.65997770345597,0,1.55295e6
425,111.1084,0,0.0,1,27.59197324414716,0,685270.0
426,65.6803,1,63.3578,1,22.296544035674472,0,665550.0
427,152.7276,0,0.0,2,52.86138981791156,0,1.35575e6
428,84.2603,0,0.0,1,32.70159791898922,0,537409.44
429,112.2232,0,0.0,2,58.342623560014864,0,963322.0
430,131.1748,0,0.0,2,53.51170568561873,0,862750.0
431,44.8707,1,46.8216,1,24.52619843924192,0,421022.0
432,101.0752,1,10.219,1,0.0,0,393907.0
433,71.0685,1,55.74,1,40.876997398736535,0,603925.0
434,86.02539999999999,1,62.9862,2,43.66406540319584,0,892330.0
435,58.527,0,0.0,1,0.0,0,399330.0
436,76.8283,1,77.4786,2,51.09624674842066,0,1.04516e6
437,68.1886,1,35.6736,1,40.876997398736535,0,571880.0
438,83.9816,0,0.0,1,16.722408026755854,0,586670.0
439,64.4726,0,0.0,1,32.70159791898922,0,445425.5
440,63.5436,1,47.5648,1,49.05239687848384,0,542300.0
442,133.77599999999998,0,0.0,2,0.0,0,581740.0
443,104.7912,1,41.3405,2,33.44481605351171,0,803097.0
444,116.8682,0,0.0,2,60.200668896321076,0,850425.0
445,86.67569999999999,1,90.5775,2,45.80081753994798,0,1.0353e6
446,156.9081,0,0.0,1,44.593088071348944,0,628575.0
447,175.3952,0,0.0,2,53.69751021924935,0,936700.0
448,88.8124,1,86.39699999999999,2,40.04087699739874,0,985507.0
449,72.462,1,55.3684,2,18.39464882943144,0,589135.0
450,63.0791,1,46.8216,1,28.613898179115573,0,591600.0
451,75.5277,0,0.0,1,25.08361204013378,0,542300.0
453,82.4952,1,80.63719999999999,2,39.204756596060946,0,1.00572e6
454,73.01939999999999,1,74.6916,2,62.80193236714976,0,1.0353e6
455,160.53119999999998,0,0.0,2,52.02526941657377,0,926840.0
456,115.3818,0,0.0,1,49.05239687848384,0,865215.0
457,57.9696,1,66.88799999999999,1,47.65886287625418,0,483140.0
459,77.3857,1,77.3857,1,21.18171683389075,0,793730.0
460,90.9491,1,20.8096,1,32.70159791898922,0,542300.0
461,77.2928,1,102.4687,2,51.282051282051285,0,1.2987345499999998e6
462,53.4175,1,52.024,1,53.51170568561873,0,764150.0
463,80.26559999999999,0,0.0,1,33.44481605351171,0,307548.19
464,78.8721,1,75.3419,1,22.296544035674472,0,930291.0
465,96.616,0,0.0,2,0.0,0,611320.0
466,131.3606,0,0.0,2,36.9751021924935,0,881188.2
467,118.6333,0,0.0,1,48.86659234485322,0,823310.0
468,82.4952,1,70.2324,1,28.985507246376812,0,722245.0
469,151.7986,0,0.0,2,80.45336306205871,0,1.2325e6
470,77.2928,1,81.5662,2,47.00854700854701,0,921910.0
471,139.5358,0,0.0,1,49.05239687848384,0,1.04516e6
472,107.8569,1,75.0632,2,49.6098104793757,0,936700.0
473,99.5888,0,0.0,1,48.77369007803791,0,729640.0
475,153.4708,0,0.0,2,46.35823114083984,1,1.23743e6
476,90.113,0,0.0,1,57.971014492753625,0,653225.0
477,138.6997,0,0.0,2,47.194351542177635,0,1.029877e6
478,192.2101,1,53.3246,2,64.47417316982535,1,1.8734e6
479,159.60219999999998,0,0.0,2,76.7372723894463,0,1.46421e6
480,105.0699,0,0.0,1,62.43032329988852,0,441092.03
481,171.86499999999998,0,0.0,2,71.72054998141955,0,1.60718e6
482,166.4768,0,0.0,2,81.1965811965812,1,1.84382e6
483,85.0964,1,84.539,1,15.235971757710889,1,764150.0
484,112.9664,0,0.0,2,37.34671125975474,0,808520.0
485,92.8071,0,0.0,1,24.52619843924192,0,653225.0
486,103.3977,0,0.0,1,24.52619843924192,0,724710.0
487,99.6817,0,0.0,1,47.844667409884806,0,769080.0
488,137.8636,0,0.0,2,45.243403939056115,0,862750.0
489,164.0614,1,60.1992,2,48.309178743961354,0,788800.0
490,58.527,0,0.0,1,26.570048309178745,0,423980.0
491,57.2264,1,63.9152,1,31.21516164994426,0,566950.0
492,88.9982,1,57.598,1,22.296544035674472,0,655690.0
493,67.63119999999999,1,67.63119999999999,2,39.85507246376812,0,851830.0499999999
494,117.8901,0,0.0,1,28.613898179115573,0,764150.0
495,82.3094,0,0.0,1,25.36231884057971,0,450109.0
496,66.88799999999999,0,0.0,1,0.0,0,172057.0
498,105.2557,1,63.8223,2,22.296544035674472,0,907120.0
499,83.5171,0,0.0,1,26.755852842809364,0,640900.0
500,84.7248,0,0.0,1,27.59197324414716,0,591600.0
501,62.4288,1,50.7234,1,24.52619843924192,0,557090.0
502,80.45139999999999,1,83.7958,2,56.02006688963211,0,1.117631e6
503,112.7806,0,0.0,1,42.82794500185805,0,690200.0
504,167.31289999999998,0,0.0,2,44.964697138610184,0,1.42477e6
505,79.42949999999999,1,43.3843,2,40.876997398736535,0,724710.0
506,89.184,1,92.9,2,37.16090672612412,0,613785.0
507,98.9385,1,78.5934,2,43.75696767001115,0,1.05995e6
508,113.1522,0,0.0,2,62.80193236714976,0,1.026919e6
509,64.0081,1,64.0081,2,33.44481605351171,0,793730.0
510,96.7089,0,0.0,1,25.08361204013378,0,613785.0
511,126.6227,0,0.0,1,26.755852842809364,0,812957.0
512,127.0872,0,0.0,2,44.03567447045708,0,999138.45
513,80.26559999999999,0,0.0,1,57.971014492753625,0,640407.0
514,100.332,0,0.0,1,44.964697138610184,0,660620.0
515,73.29809999999999,0,0.0,1,18.58045336306206,0,475745.0
516,187.658,0,0.0,2,83.61204013377927,1,1.98610473e6
517,128.0162,1,68.8389,2,54.16202155332591,0,778940.0
518,118.6333,1,99.1243,2,82.59011519881085,0,1.30645e6
519,81.9378,1,84.9106,2,50.72463768115942,0,1.04023e6
520,118.5404,1,74.6916,1,26.198439241917505,0,1.15362e6
521,64.4726,1,55.74,2,0.0,0,523812.5
522,115.5676,0,0.0,1,31.21516164994426,0,739500.0
523,93.2716,1,61.314,2,39.01895206243032,0,783870.0
525,128.48069999999998,1,94.2935,2,77.48049052396878,0,1.5566475e6
526,117.6114,0,0.0,2,42.08472686733557,0,867680.0
527,86.21119999999999,0,0.0,1,23.411371237458194,0,650760.0
529,56.2045,0,0.0,1,0.0,0,423980.0
531,140.18609999999998,0,0.0,2,55.74136008918618,0,862750.0
532,69.7679,1,56.7619,2,46.63693794128577,0,631040.0
533,76.8283,0,0.0,1,36.41768859160164,0,529975.0
534,31.0286,0,0.0,1,0.0,0,193749.0
535,65.6803,1,65.6803,2,37.43961352657005,0,877540.0
536,76.178,1,48.9583,1,0.0,0,529975.0
537,81.752,1,78.4076,2,48.959494611668525,0,926840.0
538,80.26559999999999,0,0.0,1,53.51170568561873,0,548462.5
539,107.6711,0,0.0,1,31.21516164994426,0,778940.0
540,148.7329,0,0.0,2,62.2445187662579,0,1.34096e6
541,170.7502,0,0.0,2,71.07023411371237,1,1.55295e6
542,92.6213,1,119.6552,2,60.200668896321076,0,1.22264e6
543,156.072,0,0.0,2,54.16202155332591,0,1.0513225e6
544,71.2543,0,0.0,1,34.09513192121888,0,655690.0
545,61.6856,1,77.2928,2,39.576365663322186,0,885748.45
546,127.9233,1,74.8774,2,73.0211817168339,0,1.12897e6
547,85.0035,1,66.88799999999999,1,40.876997398736535,0,1.0353e6
548,71.3472,0,0.0,1,57.971014492753625,0,638435.0
549,76.6425,0,0.0,1,66.88963210702342,0,616250.0
550,84.7248,1,109.8078,2,57.13489409141583,0,1.29659e6
551,99.3101,0,0.0,2,40.876997398736535,0,690200.0
552,86.21119999999999,0,0.0,1,26.755852842809364,0,554625.0
553,159.5093,0,0.0,2,84.35525826830175,0,1.259615e6
554,104.6054,0,0.0,2,48.309178743961354,0,532440.0
555,93.4574,1,96.616,2,80.91787439613528,0,1.40012e6
556,97.3592,0,0.0,1,26.012634708286885,0,557090.0
557,101.4468,0,0.0,1,27.77777777777778,0,695130.0
558,83.3313,1,40.7831,1,52.95429208472687,0,532440.0
559,67.72409999999999,1,66.60929999999999,2,37.71832032701598,0,862750.0
560,144.6453,0,0.0,2,39.01895206243032,0,1.15362e6
561,129.3168,0,0.0,1,49.05239687848384,0,598995.0
562,129.0381,0,0.0,1,38.83314752879971,0,838100.0
563,92.5284,0,0.0,1,0.0,0,532440.0
564,108.0427,1,47.4719,2,36.78929765886288,0,912050.0
565,108.3214,1,104.8841,2,54.81233742103308,0,1.32124e6
566,78.1289,1,74.8774,1,20.066889632107024,0,631040.0
567,105.3486,1,127.273,2,60.943887030843555,1,1.60225e6
568,142.6015,0,0.0,2,49.42400594574508,0,1.05502e6
569,138.9784,1,59.0844,1,56.856187290969906,0,1.560838e6
570,87.6047,0,0.0,1,55.74136008918618,0,670282.7999999999
571,160.53119999999998,0,0.0,2,53.51170568561873,0,703018.0
572,80.26559999999999,0,0.0,1,26.755852842809364,0,591600.0
573,78.5934,1,78.5934,2,60.38647342995169,0,1.106785e6
574,71.9046,1,60.9424,2,37.16090672612412,0,838100.0
575,53.5104,1,49.5157,1,26.755852842809364,0,685270.0
576,77.2928,1,35.6736,1,31.21516164994426,0,584205.0
577,81.4733,1,55.74,2,20.066889632107024,0,714850.0
578,122.628,0,0.0,1,52.39687848383501,0,810985.0
579,65.3087,1,64.0081,2,50.16722408026756,0,719780.0
580,97.545,1,69.2105,2,32.70159791898922,0,648295.0
581,132.7541,0,0.0,1,53.14009661835749,0,896767.0
582,189.7018,0,0.0,2,129.13415087328133,1,1.24873449e6
583,75.8064,0,0.0,1,0.0,0,584205.0
584,141.30089999999998,1,116.4966,3,81.75399479747307,0,1.60225e6
585,91.8781,1,54.2536,1,22.296544035674472,0,655690.0
586,188.4012,0,0.0,2,81.75399479747307,0,1.823607e6
587,77.8502,0,0.0,1,25.54812337421033,0,640900.0
588,79.89399999999999,0,0.0,1,49.05239687848384,0,675410.0
589,136.8417,0,0.0,1,41.99182460052025,1,704990.0
590,72.3691,0,0.0,1,28.613898179115573,0,391935.0
591,71.533,1,75.4348,2,48.309178743961354,0,916487.0
593,75.8064,0,0.0,1,75.80824972129321,0,680340.0
594,78.7792,0,0.0,1,39.01895206243032,0,690200.0
595,85.83959999999999,0,0.0,1,26.012634708286885,0,542300.0
596,169.6354,0,0.0,2,70.41991824600521,0,1.57267e6
597,63.5436,1,63.5436,1,20.066889632107024,0,564504.72
598,130.2458,0,0.0,0,60.200668896321076,0,957410.93
599,153.00629999999998,0,0.0,2,57.69230769230769,0,1.072275e6
600,66.5164,1,78.036,2,41.99182460052025,0,744430.0
601,98.2882,1,78.5934,2,68.37606837606837,1,1.35575e6
602,72.462,1,55.2755,1,50.538833147528806,0,695130.0
603,86.11829999999999,1,91.7852,2,47.00854700854701,0,1.0846e6
604,55.74,1,55.74,2,44.593088071348944,0,744430.0
605,138.7926,0,0.0,2,49.238201412114456,0,1.08953e6
606,110.1794,1,74.32,2,45.15050167224081,0,1.01065e6
607,96.616,0,0.0,1,53.51170568561873,0,749360.0
608,103.3048,1,83.2384,3,21.36752136752137,1,1.10925e6
609,180.226,1,116.4966,2,35.30286138981791,0,1.770363e6
610,95.5941,0,0.0,1,24.24749163879599,0,584205.0
611,137.1204,1,62.8933,2,68.37606837606837,1,1.54309e6
612,95.8728,0,0.0,2,52.39687848383501,0,729640.0
613,120.6771,1,53.2317,2,49.33110367892977,1,1.289195e6
614,104.048,0,0.0,1,0.0,0,724710.0
615,58.527,0,0.0,1,0.0,0,372215.0
616,97.9166,0,0.0,1,44.593088071348944,0,677875.0
617,74.9703,1,65.2158,2,36.51059085841695,0,903176.0
618,77.2928,0,0.0,1,49.05239687848384,0,520115.0
619,169.8212,0,0.0,2,71.90635451505017,0,1.55202809e6
620,137.6778,1,72.462,2,69.58379784466742,0,1.50365e6
621,80.26559999999999,0,0.0,1,0.0,0,330310.0
622,143.8092,1,99.0314,2,57.971014492753625,0,1.1832e6
623,91.042,0,0.0,1,44.964697138610184,0,665550.0
624,70.2324,1,70.2324,2,40.876997398736535,0,830705.0
625,94.0148,1,72.2762,1,44.964697138610184,0,814189.5
626,103.6764,0,0.0,1,40.876997398736535,0,788800.0
627,132.1038,0,0.0,1,26.570048309178745,0,689707.0
628,141.208,0,0.0,1,33.81642512077295,0,754290.0
629,96.616,1,96.616,1,46.82274247491639,0,665550.0
630,125.415,0,0.0,1,48.309178743961354,0,830705.0
631,101.1681,1,61.4069,1,22.296544035674472,1,611320.0
632,144.3666,0,0.0,2,58.249721293199556,0,1.032835e6
633,131.0819,0,0.0,2,50.538833147528806,0,406725.0
634,98.1024,0,0.0,1,24.154589371980677,0,687242.0
635,98.1024,0,0.0,0,53.51170568561873,0,709920.0
637,74.32,0,0.0,1,0.0,0,295800.0
638,75.3419,1,53.5104,2,23.782980304719437,0,458490.0
639,73.94839999999999,0,0.0,1,0.0,0,419050.0
640,145.5743,0,0.0,2,60.200668896321076,1,1.30428573e6
641,141.0222,0,0.0,1,54.626532887402455,1,1.35082e6
642,98.1953,1,81.0088,2,60.38647342995169,0,1.11418e6
643,185.8,1,65.4016,2,49.98141954663694,1,1.70085e6
644,72.462,1,78.036,2,42.920847268673356,0,749360.0
645,164.0614,0,0.0,2,44.40728353771832,1,1.82842854e6
646,91.1349,0,0.0,1,53.51170568561873,0,706222.5
647,97.3592,0,0.0,1,39.01895206243032,0,484619.0
648,101.6326,0,0.0,1,45.9866220735786,0,764150.0
649,97.6379,1,73.20519999999999,1,41.06280193236715,0,764150.0
650,58.527,0,0.0,1,0.0,0,416585.0
651,76.3638,1,78.3147,2,52.21107395020439,0,1.0153335e6
652,70.1395,1,70.1395,1,27.499070977331847,0,532440.0
653,84.4461,1,74.9703,2,47.565960609438875,0,941630.0
654,70.2324,1,66.2377,1,20.066889632107024,0,665550.0
655,196.2977,0,0.0,2,77.94500185804534,0,1.7255e6
656,48.7725,1,52.6743,1,24.52619843924192,0,433840.0
657,97.8237,0,0.0,1,28.985507246376812,0,717315.0
658,79.0579,1,60.4779,1,25.08361204013378,0,734570.0
659,84.7248,1,50.7234,1,30.657748049052397,0,480675.0
660,138.0494,0,0.0,1,44.593088071348944,0,823310.0
661,106.0918,1,73.66969999999999,2,51.09624674842066,0,975647.0
663,129.3168,0,0.0,1,53.51170568561873,0,542300.0
664,109.7149,0,0.0,2,54.626532887402455,0,677875.0
666,135.07659999999998,1,44.7778,2,46.82274247491639,0,1.136365e6
667,136.0985,1,85.0035,2,55.36975102192494,0,635970.0
668,155.9791,0,0.0,2,53.41880341880342,0,953955.0
669,133.4973,0,0.0,1,53.51170568561873,0,828240.0
670,109.622,0,0.0,1,23.411371237458194,0,677875.0
671,68.5602,1,68.5602,2,50.16722408026756,0,855355.0
672,64.7513,1,62.4288,2,27.87068004459309,0,510748.0
673,112.2232,0,0.0,1,50.72463768115942,0,813450.0
674,170.8431,0,0.0,2,38.64734299516908,0,1.269475e6
675,105.5344,0,0.0,1,35.67447045707915,0,690200.0
676,79.42949999999999,1,54.4394,2,40.876997398736535,0,732105.0
677,101.7255,1,63.0791,2,72.37086584912673,0,428910.0
678,73.57679999999999,0,0.0,1,22.296544035674472,0,539835.0
679,190.0734,0,0.0,2,77.48049052396878,0,1.836425e6
680,91.7852,0,0.0,1,53.14009661835749,0,633505.0
681,85.74669999999999,0,0.0,2,24.52619843924192,0,704990.0
682,78.7792,1,62.4288,1,26.105536975102194,0,786009.62
683,119.9339,0,0.0,1,40.04087699739874,0,852890.0
684,154.9572,0,0.0,2,65.21739130434783,0,1.40505e6
685,111.0155,1,59.8276,2,45.15050167224081,0,1.08953e6
686,110.551,1,83.61,2,53.604607952434044,0,1.022975e6
687,81.1946,1,82.4023,3,53.69751021924935,0,1.12342375e6
688,51.1879,1,51.1879,2,44.593088071348944,0,733584.0
689,131.8251,0,0.0,2,52.67558528428094,0,1.93256e6
690,126.5298,0,0.0,2,42.73504273504274,0,959871.0
691,78.7792,0,0.0,1,39.01895206243032,0,695130.0
693,115.0102,1,119.0049,2,58.342623560014864,0,1.65155e6
694,99.6817,0,0.0,1,30.286138981791158,0,534806.4
695,99.1243,1,43.8488,1,53.51170568561873,0,697595.0
696,105.6273,0,0.0,2,51.18914901523598,0,867680.0
697,57.2264,0,0.0,1,19.04496469713861,0,438770.0
698,106.6492,0,0.0,1,28.613898179115573,0,608855.0
699,83.0526,0,0.0,1,31.21516164994426,0,682805.0
700,129.2239,0,0.0,2,49.238201412114456,0,966280.0
701,167.22,0,0.0,2,71.07023411371237,0,1.540625e6
702,108.1356,0,0.0,1,49.05239687848384,0,690200.0
703,117.4256,1,121.8848,2,61.87290969899666,1,1.78426067e6
704,95.8728,1,72.462,2,62.43032329988852,0,690200.0
705,137.8636,0,0.0,2,56.29877369007804,0,1.05009e6
706,34.5588,1,66.88799999999999,2,0.0,0,271150.0
708,122.9996,0,0.0,2,51.09624674842066,0,1.25222e6
709,67.63119999999999,1,67.63119999999999,2,37.16090672612412,0,885132.2
710,83.9816,0,0.0,1,37.904124860646604,0,541807.0
711,67.72409999999999,0,0.0,1,0.0,0,256360.0
712,79.80109999999999,1,29.6351,1,35.67447045707915,0,506685.68
713,114.0812,0,0.0,2,43.84986993682646,0,931770.0
714,89.184,0,0.0,1,53.51170568561873,0,635970.0
715,67.35249999999999,1,70.0466,2,44.12857673727239,0,643365.0
716,125.415,0,0.0,2,44.40728353771832,0,813450.0
717,146.41039999999998,1,90.8562,1,65.40319583797844,0,786335.0
718,109.4362,0,0.0,1,40.78409513192122,0,774010.0
719,123.0925,1,101.5397,2,91.32292827945003,0,1.68113e6
720,90.2059,0,0.0,1,27.87068004459309,0,633505.0
721,161.8318,0,0.0,2,52.39687848383501,0,1.35575e6
722,78.7792,0,0.0,1,39.01895206243032,0,704990.0
723,80.26559999999999,0,0.0,1,43.01374953548867,0,613785.0
724,92.6213,1,43.9417,2,50.910442214790045,0,665550.0
725,157.7442,0,0.0,2,71.3489409141583,1,1.5776e6
726,80.26559999999999,0,0.0,1,61.315496098104795,0,594065.0
727,156.072,0,0.0,2,50.16722408026756,0,1.09446e6
728,114.4528,0,0.0,2,58.71423262727611,0,958885.0
729,164.9904,0,0.0,2,82.49721293199555,0,542300.0
730,78.7792,0,0.0,1,50.07432181345225,0,507790.0
731,150.1264,0,0.0,2,56.48457822370866,0,1.165945e6
732,106.4634,0,0.0,2,40.69119286510591,0,924375.0
733,107.1137,1,81.5662,2,50.260126347082874,0,1.096925e6
734,106.2776,0,0.0,1,24.52619843924192,0,647802.0
735,88.0692,0,0.0,1,27.87068004459309,0,532440.0
736,81.752,1,82.4952,1,29.728725380899295,0,803590.0
737,96.616,0,0.0,2,37.16090672612412,0,460955.0
738,83.7029,1,83.61,2,74.32181345224824,0,1.182707e6
739,111.48,0,0.0,3,0.0,0,882470.0
740,80.26559999999999,1,80.26559999999999,2,53.14009661835749,0,936700.0
741,71.3472,1,61.6856,2,33.44481605351171,0,650760.0
742,84.7248,0,0.0,1,26.755852842809364,0,700060.0
743,125.3221,0,0.0,2,50.07432181345225,0,882470.0
744,136.0056,0,0.0,2,44.593088071348944,0,862750.0
745,124.2073,0,0.0,2,42.920847268673356,0,887400.0
746,109.1575,1,143.066,3,77.20178372352287,0,1.478014e6
747,91.042,1,118.5404,2,51.46785581568191,0,1.16348e6
748,122.628,1,122.628,1,80.2675585284281,0,1.31127647e6
749,159.78799999999998,0,0.0,2,48.959494611668525,0,1.283772e6
750,101.0752,1,40.9689,2,22.296544035674472,0,483140.0
751,73.57679999999999,1,32.3292,1,0.0,0,475745.0
752,61.314,1,61.314,2,37.16090672612412,0,798660.0
753,138.7926,0,0.0,2,53.51170568561873,0,1.06981e6
754,96.4302,1,98.474,2,81.56819026384244,1,1.358215e6
755,95.3154,0,0.0,1,40.876997398736535,0,769080.0
756,68.9318,1,67.72409999999999,2,40.876997398736535,0,850425.0
757,80.45139999999999,1,83.7958,2,53.69751021924935,0,1.04516e6
758,62.4288,1,66.3306,2,40.876997398736535,0,783377.0
759,70.3253,1,69.1176,2,40.876997398736535,0,884442.0
760,123.3712,1,111.7587,2,69.86250464511335,0,1.4297e6
761,80.26559999999999,0,0.0,1,27.87068004459309,0,628575.0
762,120.8629,0,0.0,1,40.876997398736535,0,493000.0
763,70.9756,1,72.7407,2,57.04199182460052,0,1.060936e6
764,117.7972,1,101.9113,2,79.52434039390562,0,1.66141e6
765,138.7926,0,0.0,1,44.68599033816425,1,1.3311e6
766,139.9074,0,0.0,2,54.998141954663694,1,1.30217076e6
767,91.042,1,68.1886,2,46.07952434039391,0,968745.0
768,91.3207,1,71.2543,2,39.297658862876254,0,788800.0
769,170.5644,0,0.0,2,44.964697138610184,0,1.06900641e6
771,79.70819999999999,0,0.0,1,53.51170568561873,0,665057.0
772,113.338,0,0.0,1,36.78929765886288,0,502860.0
773,103.7693,0,0.0,1,62.43032329988852,0,527510.0
774,84.7248,0,0.0,1,25.54812337421033,0,564485.0
775,183.2917,0,0.0,2,83.14752879970271,0,1.94735e6
776,111.8516,0,0.0,2,38.275733927907844,0,798660.0
777,149.9406,0,0.0,2,80.36046079524341,0,1.091995e6
778,83.0526,0,0.0,1,40.876997398736535,0,702525.0
779,187.658,0,0.0,2,58.52842809364549,0,709920.0
780,93.2716,0,0.0,1,46.82274247491639,0,665550.0
781,116.4037,0,0.0,2,37.34671125975474,0,867680.0
782,75.249,1,73.66969999999999,2,44.964697138610184,0,867187.0
783,132.847,0,0.0,2,56.20587142326273,0,922403.0
784,103.119,0,0.0,1,55.9271646228168,0,815915.0
785,68.9318,1,68.9318,2,0.0,0,631040.0
786,124.6718,0,0.0,2,42.45633593459681,0,796195.0
787,89.7414,1,63.7294,2,38.64734299516908,0,685270.0
788,88.8124,1,104.7912,2,57.41360089186176,0,1.14869e6
789,83.7029,0,0.0,1,26.105536975102194,0,531947.0
790,90.6704,1,103.2119,2,41.248606465997774,0,924375.0
791,106.3705,0,0.0,2,36.88219992567819,0,789786.0
792,98.6598,0,0.0,1,50.07432181345225,0,723724.0
793,104.6983,1,82.3094,2,42.270531400966185,0,1.3300647e6
794,138.9784,0,0.0,2,44.03567447045708,0,1.10925e6
795,100.8894,1,75.1561,2,37.99702712746191,0,958885.0
796,82.4952,1,62.8004,2,44.221479004087705,0,843030.0
797,119.3765,0,0.0,1,49.05239687848384,0,707455.0
798,71.8117,0,0.0,1,22.296544035674472,0,542300.0
800,91.1349,1,73.11229999999999,1,22.296544035674472,0,862750.0
801,57.2264,1,99.5888,2,56.02006688963211,0,986000.0
802,111.1084,0,0.0,1,40.876997398736535,0,541807.0
803,67.63119999999999,1,67.63119999999999,2,38.08992939427722,0,931770.0
805,104.7912,0,0.0,1,26.570048309178745,0,581740.0
806,132.6612,0,0.0,2,51.46785581568191,1,1.1224624e6
807,91.042,0,0.0,2,35.67447045707915,0,668015.0
808,99.5888,1,46.8216,1,49.05239687848384,0,1.101855e6
809,100.8894,0,0.0,1,44.964697138610184,0,788553.5
810,99.8675,1,98.7527,2,33.44481605351171,0,522580.0
811,121.6061,0,0.0,1,44.964697138610184,0,892330.0
812,78.7792,0,0.0,1,39.01895206243032,0,712385.0
813,96.9876,0,0.0,1,46.82274247491639,0,276045.49
814,133.96179999999998,0,0.0,1,27.9635823114084,0,778447.0
815,63.7294,1,52.3956,1,26.012634708286885,0,571880.0
816,154.30689999999998,0,0.0,2,55.55555555555556,0,1.108757e6
817,93.6432,0,0.0,1,25.54812337421033,0,675410.0
818,156.9081,0,0.0,2,79.61724266072093,0,1.33603e6
819,97.7308,0,0.0,1,40.876997398736535,0,764150.0
820,126.1582,0,0.0,2,44.964697138610184,0,1.10432e6
821,74.13419999999999,1,78.2218,2,55.276848755109626,0,902190.0
822,86.95439999999999,0,0.0,1,53.51170568561873,0,458490.0
823,78.6863,1,82.3094,2,40.22668153102936,0,1.10925e6
824,87.6976,1,50.6305,2,22.296544035674472,0,687735.0
825,138.3281,0,0.0,2,72.0921590486808,0,1.146718e6
826,193.6036,0,0.0,2,113.34076551467857,1,1.89805e6
827,72.8336,0,0.0,1,0.0,0,539835.0
828,133.21859999999998,0,0.0,2,48.959494611668525,0,931770.0
829,107.764,1,89.7414,2,49.98141954663694,0,912050.0
830,48.308,1,57.8767,2,44.593088071348944,0,726682.0
831,129.3168,0,0.0,1,42.549238201412116,0,818380.0
832,48.308,1,55.74,2,44.593088071348944,0,744430.0
833,87.4189,1,82.4952,2,56.949089557785214,0,1.16841e6
834,140.8364,0,0.0,1,43.84986993682646,0,823310.0
835,106.2776,0,0.0,1,42.3634336677815,0,689953.5
836,99.1243,0,0.0,2,40.50538833147529,0,631040.0
837,144.8311,0,0.0,1,75.43664065403196,0,756755.0
838,44.8707,1,46.8216,1,24.52619843924192,0,493000.0
839,102.0971,0,0.0,1,32.70159791898922,0,709920.0
840,71.3472,1,40.1328,1,22.296544035674472,0,643365.0
841,75.249,1,62.4288,2,37.16090672612412,0,690200.0
842,88.9982,1,53.9749,2,63.73095503530286,0,776475.0
843,108.2285,0,0.0,1,45.52211073950205,0,862257.0
844,167.22,0,0.0,2,0.0,0,695130.0
845,81.3804,1,50.166,1,66.88963210702342,0,758727.0
846,158.0229,0,0.0,2,56.76328502415459,0,843030.0
847,93.4574,1,71.4401,2,39.48346339650688,0,1.05009e6
848,80.26559999999999,0,0.0,1,31.40096618357488,0,658155.0
850,101.6326,1,70.6969,2,47.565960609438875,0,921910.0
851,78.7792,0,0.0,1,39.01895206243032,0,648295.0
852,135.2624,0,0.0,2,37.16090672612412,0,1.05995e6
853,85.2822,1,67.63119999999999,2,22.296544035674472,0,808520.0
854,134.2405,0,0.0,1,59.921962095875145,0,778940.0
855,165.26909999999998,0,0.0,1,42.17762913415088,0,838100.0
856,96.616,0,0.0,1,24.154589371980677,0,626110.0
857,95.3154,0,0.0,1,53.51170568561873,0,724710.0
858,65.2158,1,72.3691,2,31.86547751765143,0,857820.0
859,127.273,0,0.0,2,44.500185804533636,0,749360.0
860,140.4648,1,106.0918,2,57.50650315867708,0,1.2325e6
861,84.7248,1,47.7506,1,20.066889632107024,0,936453.5
862,96.5231,0,0.0,1,46.82274247491639,0,648295.0
863,101.9113,0,0.0,2,44.593088071348944,0,749360.0
864,106.6492,0,0.0,1,62.43032329988852,0,653225.0
865,127.4588,0,0.0,2,49.14529914529915,0,1.2353594e6
866,93.0858,0,0.0,1,83.79784466740989,0,732105.0
867,152.9134,0,0.0,2,80.82497212931996,0,1.227077e6
868,104.048,0,0.0,1,50.538833147528806,0,635970.0
869,143.7163,1,66.88799999999999,2,62.43032329988852,0,833170.0
870,98.6598,1,82.4023,2,53.32590115198811,0,1.16348e6
871,83.0526,0,0.0,1,28.613898179115573,0,539835.0
872,74.6916,1,81.5662,2,48.587885544407285,0,988465.0
873,84.539,0,0.0,1,38.46153846153847,0,571880.0
874,96.2444,0,0.0,1,26.755852842809364,0,655690.0
875,62.8004,1,42.2695,1,18.58045336306206,0,327845.0
876,109.9936,1,132.4754,2,51.09624674842066,1,1.49614161e6
877,96.616,0,0.0,1,60.200668896321076,0,651992.5
878,135.8198,1,70.7898,2,68.561872909699,1,1.7255e6
879,107.2995,0,0.0,1,53.51170568561873,0,729640.0
880,80.26559999999999,0,0.0,1,31.21516164994426,0,672945.0
881,101.261,0,0.0,1,41.80602006688964,0,774010.0
882,110.2723,1,49.237,2,37.16090672612412,0,924375.0
883,75.0632,1,72.9265,2,36.13898179115571,0,877540.0
884,88.6266,1,73.85549999999999,1,40.876997398736535,0,584205.0
885,82.8668,0,0.0,1,26.755852842809364,0,493000.0
886,158.7661,0,0.0,2,47.00854700854701,0,1.621477e6
887,159.04479999999998,0,0.0,2,54.626532887402455,0,714850.0
888,81.0088,1,48.4009,1,27.87068004459309,0,668015.0
889,205.9593,0,0.0,2,57.69230769230769,0,1.32124e6
890,139.81449999999998,0,0.0,1,46.915644741731704,0,737035.0
891,62.4288,1,23.4108,1,53.51170568561873,0,605897.0
892,85.2822,1,71.0685,2,40.876997398736535,0,850425.0
893,99.2172,0,0.0,1,24.52619843924192,0,761685.0
894,128.48069999999998,0,0.0,1,32.887402452619845,0,813450.0
895,142.6015,0,0.0,2,37.16090672612412,0,585969.94
896,91.3207,1,75.5277,1,44.871794871794876,0,690200.0
897,88.3479,0,0.0,1,30.37904124860647,0,525045.0
898,104.048,1,104.048,2,49.05239687848384,0,704758.2899999999
900,114.8244,0,0.0,1,26.755852842809364,0,665550.0
901,79.70819999999999,0,0.0,1,63.545150501672246,0,542300.0
902,121.3274,0,0.0,1,70.23411371237458,0,754290.0
903,74.9703,1,65.2158,2,36.51059085841695,0,887400.0
904,155.143,0,0.0,2,64.1025641025641,0,1.1832e6
905,83.7958,0,0.0,1,26.755852842809364,0,618715.0
906,98.7527,0,0.0,1,26.012634708286885,0,631040.0
907,151.9844,0,0.0,2,80.36046079524341,0,1.25715e6
908,94.758,1,96.3373,1,16.722408026755854,0,1.2325e6
909,83.7958,0,0.0,1,44.964697138610184,0,645830.0
910,68.9318,1,68.9318,2,36.231884057971016,0,857820.0
911,102.6545,1,108.6001,2,44.593088071348944,0,760699.0
912,117.7972,0,0.0,1,23.411371237458194,0,707455.0
913,94.2935,0,0.0,1,41.80602006688964,0,433840.0
914,92.9929,1,92.9929,2,80.91787439613528,0,714850.0
915,56.8548,1,56.8548,2,49.05239687848384,0,856503.69
916,50.7234,1,50.7234,1,26.570048309178745,0,369750.0
917,44.592,0,0.0,0,28.613898179115573,0,174083.22999999998
918,114.1741,0,0.0,1,26.384243775548125,0,665550.0
919,84.7248,1,112.8735,2,77.38758825715348,0,1.17334e6
920,131.3606,0,0.0,1,55.83426235600149,0,870145.0
921,86.95439999999999,1,72.9265,2,43.75696767001115,0,990930.0
922,118.1688,1,86.21119999999999,2,0.0,0,719287.0
923,122.2564,0,0.0,2,36.88219992567819,0,838050.7
924,150.2193,0,0.0,2,49.51690821256039,0,951490.0
925,156.6294,0,0.0,2,56.856187290969906,0,1.022975e6
926,104.6054,0,0.0,2,50.16722408026756,1,862750.0
927,114.6386,1,105.906,2,60.943887030843555,1,1.40505e6
928,102.0042,1,81.752,2,45.15050167224081,0,867680.0
929,166.1052,0,0.0,2,48.49498327759198,1,1.165945e6
930,92.2497,1,115.4747,2,59.64325529542921,0,1.09446e6
931,136.1914,0,0.0,2,56.67038275733928,0,990930.0
932,85.93249999999999,0,0.0,1,39.85507246376812,0,579275.0
933,176.9745,0,0.0,2,73.20698625046451,1,1.5776e6
934,139.35,0,0.0,2,52.95429208472687,0,936700.0
935,192.2101,0,0.0,2,46.915644741731704,0,1.19306e6
936,69.3963,0,0.0,1,49.05239687848384,0,393907.0
937,111.48,0,0.0,2,51.560758082497216,0,911557.0
938,103.3977,1,79.70819999999999,2,64.0096618357488,0,1.24729e6
939,129.2239,1,53.0459,2,80.63916759568934,0,1.1822090699999998e6
940,112.1303,1,111.1084,2,32.4228911185433,0,1.204892e6
941,160.53119999999998,0,0.0,2,53.32590115198811,0,743937.0
942,94.9438,1,96.4302,2,36.231884057971016,0,1.05502e6
943,133.77599999999998,0,0.0,2,0.0,0,739500.0
944,151.6128,0,0.0,2,53.51170568561873,0,704990.0
945,124.8576,0,0.0,1,48.77369007803791,0,677875.0
946,110.3652,1,52.1169,1,42.3634336677815,0,615757.0
947,106.2776,0,0.0,1,73.950204384987,0,704990.0
948,151.3341,0,0.0,2,75.06503158677071,0,1.3311e6
949,86.95439999999999,1,78.036,2,44.03567447045708,0,949025.0
950,128.29489999999998,0,0.0,1,62.80193236714976,0,973675.0
951,80.26559999999999,0,0.0,1,66.88963210702342,0,635970.0
952,89.6485,0,0.0,1,27.87068004459309,0,591107.0
953,71.3472,0,0.0,1,36.78929765886288,0,660127.0
954,108.5072,1,74.32,2,49.238201412114456,0,847960.0
955,91.042,0,0.0,2,0.0,0,628575.0
956,90.9491,1,90.9491,2,45.70791527313267,0,714850.0
957,52.1169,1,62.0572,1,42.920847268673356,0,611320.0
958,98.1953,0,0.0,1,53.51170568561873,0,650760.0
959,124.2073,0,0.0,2,49.33110367892977,0,912050.0
960,64.6584,1,66.88799999999999,2,44.964697138610184,0,764150.0
961,79.70819999999999,0,0.0,1,0.0,0,574345.0
962,143.2518,1,123.557,2,57.50650315867708,0,1.34096e6
963,74.6916,1,69.1176,2,40.876997398736535,0,764150.0
964,167.22,0,0.0,2,65.21739130434783,1,1.17827e6
965,76.5496,1,99.403,2,47.38015607580825,0,1.059457e6
966,72.7407,1,65.1229,2,36.51059085841695,0,881977.0
967,90.6704,1,30.8428,1,23.782980304719437,0,788800.0
968,102.0042,0,0.0,1,24.154589371980677,0,665550.0
969,55.74,1,34.1872,1,0.0,0,186847.0
970,101.7255,0,0.0,1,24.52619843924192,0,690200.0
971,66.88799999999999,1,43.8488,1,0.0,0,665550.0
972,70.9756,1,80.07979999999999,2,44.03567447045708,0,852890.0
973,85.2822,0,0.0,2,24.52619843924192,0,490535.0
974,132.6612,0,0.0,2,44.593088071348944,0,897260.0
975,105.5344,1,82.0307,1,49.42400594574508,0,825775.0
976,62.5217,1,65.8661,2,45.52211073950205,0,813450.0
977,80.7301,0,0.0,1,0.0,0,421515.0
978,115.2889,0,0.0,1,52.86138981791156,0,985507.0
979,83.0526,0,0.0,1,37.16090672612412,0,542300.0
980,104.1409,0,0.0,1,44.593088071348944,0,685270.0
981,92.8071,0,0.0,1,54.626532887402455,1,879512.0
982,118.5404,1,124.1144,2,62.80193236714976,0,1.65648e6
983,117.6114,0,0.0,2,36.0460795243404,0,788282.35
984,106.7421,1,105.9989,2,72.37086584912673,0,1.261587e6
985,120.9558,1,40.1328,2,50.07432181345225,0,621180.0
986,108.1356,0,0.0,1,22.296544035674472,0,616250.0
987,92.9929,1,58.8986,1,23.690078037904126,0,576810.0
988,180.226,0,0.0,2,56.29877369007804,1,1.94829656e6
989,103.8622,1,84.7248,2,51.18914901523598,0,961350.0
990,72.2762,1,74.13419999999999,2,57.04199182460052,0,971210.0
991,130.7103,1,91.5065,2,80.82497212931996,0,1.71564e6
992,85.0964,1,76.7354,1,39.39056112969157,0,828240.0
993,94.758,1,77.1999,2,40.876997398736535,0,921910.0
994,69.675,1,69.675,2,52.39687848383501,0,857327.0
995,159.60219999999998,0,0.0,2,73.0211817168339,1,1.663875e6
996,71.9046,1,42.3624,1,28.33519137866964,0,599488.0
997,97.545,0,0.0,1,34.18803418803419,0,672945.0
998,133.96179999999998,0,0.0,2,57.13489409141583,0,912050.0
999,100.0533,0,0.0,1,19.50947603121516,0,448630.0
1000,112.2232,0,0.0,2,58.71423262727611,0,1.01558e6
1001,87.6976,0,0.0,1,49.05239687848384,0,404260.0
1002,64.1939,0,0.0,1,20.066889632107024,1,423980.0
1003,146.22459999999998,0,0.0,2,76.55146785581569,0,1.14376e6
1004,156.072,0,0.0,2,49.05239687848384,0,674941.6499999999
1005,139.7216,0,0.0,2,42.45633593459681,0,892330.0
1006,91.5065,0,0.0,2,30.471943515421778,0,739007.0
1007,153.93529999999998,0,0.0,2,44.964697138610184,0,806055.0
1008,50.7234,1,50.7234,1,26.570048309178745,0,433840.0
1009,158.85899999999998,0,0.0,2,51.09624674842066,0,1.1832e6
1010,93.6432,0,0.0,2,0.0,0,502860.0
1011,66.88799999999999,1,51.1879,2,28.985507246376812,0,665550.0
1012,154.5856,0,0.0,2,0.0,0,493000.0
1013,83.61,1,55.9258,1,16.722408026755854,0,813450.0
1014,94.9438,0,0.0,1,26.012634708286885,0,419050.0
1015,100.5178,0,0.0,1,22.296544035674472,0,587656.0
1016,75.249,1,79.42949999999999,2,49.05239687848384,0,1.11911e6
1017,139.7216,0,0.0,2,44.40728353771832,0,1.00079e6
1018,126.344,0,0.0,1,52.48978075065032,0,924375.0
1019,74.5058,1,62.243,2,37.34671125975474,0,788800.0
1020,139.9074,0,0.0,2,40.876997398736535,0,1.0525057e6
1021,105.1628,0,0.0,1,41.898922333704945,0,867680.0
1022,113.338,0,0.0,2,58.71423262727611,0,956420.0
1023,84.7248,1,31.2144,1,14.864362690449648,0,428910.0
1024,139.7216,0,0.0,2,40.5982905982906,0,941630.0
1026,81.9378,0,0.0,1,42.82794500185805,0,554625.0
1027,117.4256,0,0.0,1,42.82794500185805,0,825775.0
1028,152.9134,0,0.0,2,74.32181345224824,0,1.44486961e6
1029,89.9272,1,37.9032,1,22.296544035674472,0,517650.0
1030,62.4288,1,50.7234,1,24.52619843924192,0,581740.0
1031,88.0692,1,91.042,2,0.0,0,788800.0
1032,156.7223,1,92.7142,2,62.43032329988852,0,971210.0
1033,125.6008,1,108.5072,2,73.950204384987,0,1.5283e6
1034,153.6566,0,0.0,2,83.61204013377927,0,1.1339e6
1035,88.6266,0,0.0,1,22.296544035674472,0,590367.5
1036,78.5005,0,0.0,1,26.941657376439988,0,414120.0
1037,150.498,0,0.0,2,84.726867335563,1,1.555415e6
1038,98.0095,1,112.2232,2,84.07655146785582,0,1.41491e6
1039,74.13419999999999,1,50.7234,1,0.0,0,478210.0
1040,58.527,0,0.0,1,26.570048309178745,0,394400.0
1041,167.4987,0,0.0,2,44.964697138610184,0,764150.0
1042,74.32,1,77.2928,1,44.964697138610184,0,852890.0
1043,121.3274,0,0.0,2,57.971014492753625,0,966280.0
1044,142.3228,1,74.04129999999999,2,47.75176514306949,0,1.2930404e6
1046,160.9957,0,0.0,2,41.99182460052025,0,688228.0
1048,91.971,0,0.0,1,62.43032329988852,0,714850.0
1049,164.5259,0,0.0,1,31.21516164994426,0,566950.0
1050,86.39699999999999,0,0.0,1,28.613898179115573,0,418557.0
1051,120.9558,0,0.0,2,40.50538833147529,0,870071.0499999999
1052,122.2564,0,0.0,2,40.876997398736535,0,986695.13
1053,104.6983,1,78.965,1,50.16722408026756,0,813450.0
1054,141.7654,0,0.0,1,33.81642512077295,0,712385.0
1055,101.3539,1,83.4242,2,54.44072835377184,0,1.25715e6
1056,141.48669999999998,0,0.0,2,44.40728353771832,0,887400.0
1057,126.7156,0,0.0,2,44.964697138610184,0,916240.5
1058,90.9491,1,80.9159,2,43.38535860274991,0,1.22264e6
1059,104.977,1,97.9166,2,77.66629505759941,1,1.65155e6
1060,101.8184,1,83.1455,1,40.13377926421405,0,1.0846e6
1061,124.3002,0,0.0,2,54.06911928651059,0,1.052555e6
1062,83.0526,0,0.0,1,115.94202898550725,0,399330.0
1063,132.1038,1,85.0035,2,52.02526941657377,0,443700.0
1064,102.4687,0,0.0,1,40.876997398736535,0,544765.0
1065,107.2066,0,0.0,1,44.593088071348944,0,759220.0
1066,121.3274,1,88.6266,2,49.51690821256039,0,1.61704e6
1067,74.2271,1,71.7188,2,35.30286138981791,0,877540.0
1068,74.13419999999999,1,75.5277,1,41.06280193236715,0,827747.0
1069,119.9339,1,114.267,2,53.51170568561873,0,746402.0
1070,82.9597,0,0.0,1,53.51170568561873,0,665550.0
1071,97.3592,0,0.0,1,26.570048309178745,0,665550.0
1072,77.0141,1,67.53829999999999,1,40.96989966555184,0,759220.0
1073,93.0858,1,42.1766,1,26.012634708286885,0,451095.0
1074,64.8442,1,67.63119999999999,1,40.876997398736535,0,786335.0
1075,115.196,0,0.0,2,76.7372723894463,0,956420.0
1076,89.184,1,72.462,1,22.296544035674472,0,1.082135e6
1077,101.8184,1,34.373,2,52.58268301746563,0,838100.0
1078,101.8184,0,0.0,1,27.77777777777778,0,684284.0
1079,78.7792,0,0.0,1,39.01895206243032,0,768587.0
1080,91.971,0,0.0,1,27.77777777777778,0,621180.0
1081,116.8682,0,0.0,2,49.05239687848384,0,714850.0
1082,96.616,0,0.0,1,28.613898179115573,0,655690.0
1083,135.5411,0,0.0,2,48.959494611668525,0,946560.0
1084,116.2179,0,0.0,1,42.82794500185805,0,788800.0
1085,64.1939,1,74.9703,2,37.99702712746191,0,924375.0
1086,92.5284,0,0.0,1,52.39687848383501,0,724710.0
1087,50.7234,1,50.7234,1,26.570048309178745,0,411655.0
1088,100.5178,1,80.9159,2,96.89706428836864,0,1.24236e6
1089,90.113,1,68.6531,2,35.30286138981791,0,677875.0
1090,115.8463,0,0.0,1,51.09624674842066,0,971210.0
1091,96.616,0,0.0,2,37.16090672612412,0,457997.0
1092,57.9696,1,58.3412,2,42.920847268673356,0,788800.0
1093,129.131,1,28.2416,2,53.51170568561873,0,672945.0
1094,111.48,0,0.0,1,82.1256038647343,0,719780.0
1095,86.95439999999999,0,0.0,1,28.613898179115573,0,635970.0
1096,122.0706,0,0.0,2,40.876997398736535,0,869809.7599999999
1097,71.8117,1,54.0678,1,0.0,0,626110.0
1098,101.0752,0,0.0,1,42.82794500185805,0,838100.0
1099,70.3253,1,52.6743,1,22.296544035674472,0,631040.0
1100,148.7329,0,0.0,2,44.40728353771832,0,774010.0
1101,40.6902,0,0.0,1,22.853957636566335,0,295800.0
1102,88.255,0,0.0,1,26.012634708286885,0,589135.0
1103,105.3486,0,0.0,1,23.597175771088818,0,665550.0
1104,110.9226,0,0.0,1,50.07432181345225,0,786335.0
1105,58.527,1,62.4288,2,40.876997398736535,0,522580.0
1106,139.35,1,104.2338,2,66.14641397250094,0,1.60225e6
1107,133.96179999999998,0,0.0,2,66.7967298402081,0,886907.0
1108,82.4023,1,105.3486,2,39.204756596060946,0,1.35439425e6
1109,88.0692,1,68.9318,2,43.01374953548867,0,892330.0
1110,170.5644,0,0.0,2,80.08175399479748,0,1.3804e6
1111,71.8117,1,82.2165,2,40.04087699739874,0,926840.0
1112,102.0042,1,80.45139999999999,2,44.871794871794876,0,1.01065e6
1113,75.8064,0,0.0,1,28.613898179115573,0,640407.0
1114,93.6432,0,0.0,1,22.296544035674472,0,663085.0
1115,77.3857,0,0.0,1,30.286138981791158,0,576810.0
1116,161.0886,0,0.0,2,86.21330360460796,1,1.56774e6
1117,72.3691,1,59.456,2,48.959494611668525,0,907613.0
1118,83.0526,0,0.0,1,41.80602006688964,0,640900.0
1119,94.8509,1,53.882,1,27.87068004459309,0,690200.0
1120,96.616,0,0.0,1,26.570048309178745,0,659141.0
1121,94.0148,0,0.0,1,28.613898179115573,0,583712.0
1122,144.1808,0,0.0,2,72.64957264957265,0,1.049597e6
1123,89.184,0,0.0,1,26.755852842809364,0,552160.0
1124,64.8442,0,0.0,1,0.0,0,581740.0
1125,75.4348,1,62.243,2,36.41768859160164,0,808027.0
1126,93.3645,0,0.0,1,62.43032329988852,0,566950.0
1127,144.4595,0,0.0,2,61.315496098104795,0,857820.0
1128,142.137,0,0.0,2,58.52842809364549,0,1.27687e6
1129,78.6863,1,103.3048,2,40.31958379784467,0,1.05995e6
1130,86.95439999999999,0,0.0,1,62.43032329988852,0,690200.0
1131,123.3712,1,60.6637,2,53.51170568561873,0,665550.0
1132,90.4846,0,0.0,1,0.0,0,460955.0
1133,109.4362,1,95.8728,2,19.04496469713861,0,579275.0
1134,106.0918,1,81.5662,2,43.2924563359346,0,1.180735e6
1135,85.0964,1,63.5436,2,42.73504273504274,0,833170.0
1136,91.5994,0,0.0,1,16.722408026755854,0,502860.0
1137,95.8728,1,20.438,1,26.755852842809364,0,586670.0
1138,72.462,1,22.296,1,0.0,0,463420.0
1139,145.5743,0,0.0,2,66.33221850613155,0,966280.0
1140,108.4143,0,0.0,1,45.9866220735786,0,709920.0
1141,88.4408,0,0.0,1,78.03790412486065,0,685270.0
1142,101.0752,1,72.462,2,44.964697138610184,0,973675.0
1144,93.4574,0,0.0,1,0.0,0,394400.0
1145,62.4288,1,23.4108,1,26.012634708286885,0,394400.0
1146,96.8018,1,49.6086,1,20.90301003344482,0,734570.0
1147,120.5842,0,0.0,2,37.43961352657005,0,887400.0
1148,79.89399999999999,1,65.4016,1,21.73913043478261,0,860285.0
1149,53.1388,1,50.0731,1,26.755852842809364,0,576317.0
1150,77.2928,1,60.385,1,30.100334448160538,0,704990.0
1151,86.58279999999999,0,0.0,1,28.428093645484953,0,611320.0
1152,136.1914,0,0.0,1,49.05239687848384,0,739007.0
1153,168.2419,0,0.0,1,43.66406540319584,1,1.1339e6
1154,75.8064,0,0.0,1,40.13377926421405,0,594065.0
1155,83.7958,1,85.2822,1,45.70791527313267,0,994874.0
1156,133.4973,0,0.0,2,49.05239687848384,0,1.07474e6
1157,117.5185,0,0.0,2,46.63693794128577,0,886907.0
1158,122.0706,0,0.0,2,58.15681902638425,0,1.1339e6
1159,146.78199999999998,0,0.0,2,77.10888145670755,0,1.15918104e6
1160,87.6047,1,86.67569999999999,2,50.16722408026756,0,912050.0
1161,79.42949999999999,1,55.8329,2,40.876997398736535,0,719780.0
1162,152.356,0,0.0,1,85.84169453734671,0,1.10432e6
1163,83.0526,0,0.0,1,41.80602006688964,0,635970.0
1164,116.8682,0,0.0,0,37.16090672612412,0,537167.87
1165,133.0328,0,0.0,1,54.626532887402455,0,956420.0
1166,139.5358,0,0.0,2,59.82905982905983,0,1.1495281e6
1167,157.3726,0,0.0,2,72.0921590486808,0,1.2095755e6
1168,89.0911,1,66.1448,2,43.84986993682646,0,852890.0
1169,114.8244,1,81.0088,2,50.16722408026756,0,1.15855e6
1171,103.8622,0,0.0,1,33.259011519881085,0,843030.0
1172,117.1469,0,0.0,1,40.22668153102936,0,803590.0
1173,58.0625,1,58.0625,2,58.06391675956894,0,847467.0
1174,151.9844,1,90.2059,3,0.0,1,988465.0
1175,108.693,1,109.1575,2,33.44481605351171,0,1.17827e6
1176,197.7841,1,69.0247,2,50.260126347082874,0,1.40505e6
1177,85.74669999999999,0,0.0,1,24.52619843924192,0,589135.0
1178,75.9922,1,37.7174,1,19.50947603121516,0,566950.0
1179,76.178,1,48.5867,1,17.279821627647717,0,763657.0
1180,104.4196,0,0.0,1,0.0,0,458490.0
1181,120.5842,1,112.9664,2,64.38127090301003,0,1.2325e6
1182,153.4708,0,0.0,2,44.77889260497957,0,1.935025e6
1184,104.977,0,0.0,1,66.88963210702342,0,591600.0
1185,146.03879999999998,0,0.0,1,92.43775548123375,0,920431.0
1186,88.1621,1,25.2688,1,36.41768859160164,0,517157.0
1187,94.2006,1,63.6365,2,39.01895206243032,0,468350.0
1188,150.8696,0,0.0,2,70.3270159791899,0,1.29166e6
1189,77.1999,1,77.0141,2,45.80081753994798,0,961350.0
1190,95.5012,1,72.0904,2,41.06280193236715,0,931770.0
1191,150.6838,0,0.0,1,125.97547380156077,0,828240.0
1192,70.9756,1,62.8933,2,45.70791527313267,0,857820.0
1193,78.2218,1,58.527,1,23.225566703827575,0,616250.0
1194,113.7096,0,0.0,2,37.34671125975474,0,813450.0
1195,61.5927,1,64.0081,1,27.77777777777778,0,778940.0
1196,67.63119999999999,1,67.63119999999999,2,37.16090672612412,0,867680.0
1197,81.6591,1,91.4136,2,61.315496098104795,0,1.0807053e6
1198,75.7135,1,81.2875,1,20.90301003344482,0,709920.0
1199,112.5948,0,0.0,2,53.232998885172805,0,877540.0
1200,128.3878,0,0.0,1,42.642140468227424,0,729640.0
1201,80.26559999999999,0,0.0,1,26.012634708286885,0,572126.5
1202,80.45139999999999,1,84.8177,2,50.72463768115942,0,975647.0
1203,82.1236,1,43.1056,1,20.066889632107024,0,576810.0
1204,151.427,0,0.0,2,41.898922333704945,0,1.05009e6
1205,99.7746,0,0.0,1,45.9866220735786,0,756755.0
1206,204.0084,0,0.0,2,65.12448903753251,0,1.340467e6
1207,98.1024,0,0.0,1,35.67447045707915,0,527510.0
1208,157.93,0,0.0,2,50.538833147528806,0,986000.0
1209,119.1907,0,0.0,1,47.00854700854701,0,690200.0
1210,154.214,0,0.0,2,46.45113340765515,0,1.4297e6
1211,98.0095,1,73.39099999999999,2,42.920847268673356,0,931770.0
1212,100.332,1,62.4288,2,45.70791527313267,0,808520.0
1213,62.4288,0,0.0,1,21.73913043478261,0,557090.0
1214,89.184,0,0.0,0,33.81642512077295,0,714850.0
1215,92.8071,0,0.0,1,27.87068004459309,0,663085.0
1216,83.0526,0,0.0,1,35.67447045707915,0,616250.0
1217,122.4422,1,54.2536,2,50.07432181345225,0,552160.0
1218,122.0706,0,0.0,2,51.282051282051285,0,1.1312180799999998e6
1219,62.4288,1,22.296,1,0.0,0,396865.0
1220,62.4288,1,50.7234,1,0.0,0,451095.0
1221,84.7248,0,0.0,1,26.755852842809364,0,566950.0
1222,112.5019,0,0.0,1,29.914529914529915,0,660620.0
1223,108.5072,1,62.9862,2,29.264214046822744,0,704990.0
1224,198.4344,0,0.0,2,49.05239687848384,0,679847.0
1225,73.20519999999999,1,65.2158,2,36.0460795243404,0,907120.0
1226,105.7202,0,0.0,1,24.52619843924192,0,714850.0
1227,83.0526,1,96.5231,2,62.05871423262728,0,1.05502e6
1228,84.7248,0,0.0,1,53.51170568561873,0,724710.0
1229,158.1158,0,0.0,1,97.73318468970643,1,1.81075942e6
1230,140.00029999999998,0,0.0,2,37.53251579338536,0,626110.0
1231,126.4369,1,116.9611,2,55.74136008918618,0,936700.0
1232,110.551,0,0.0,1,50.16722408026756,0,653225.0
1233,113.7096,0,0.0,2,42.920847268673356,0,501874.0
1234,110.3652,0,0.0,1,49.33110367892977,0,700060.0
1235,95.1296,1,87.326,1,0.0,0,640900.0
1236,82.8668,1,82.8668,1,16.722408026755854,0,684712.9099999999
1237,70.9756,1,80.07979999999999,2,44.03567447045708,0,865215.0
1238,78.6863,1,102.2829,2,40.31958379784467,0,961350.0
1239,105.9989,0,0.0,1,44.964697138610184,0,702525.0
1240,137.8636,0,0.0,2,43.84986993682646,1,1.310887e6
1241,82.1236,1,82.1236,2,50.44593088071349,0,1.108757e6
1242,156.9081,0,0.0,2,88.62876254180603,0,1.22425704e6
1243,108.9717,0,0.0,2,49.05239687848384,0,838100.0
1245,73.57679999999999,1,67.35249999999999,1,37.16090672612412,0,1.1339e6
1246,105.906,1,67.63119999999999,3,44.31438127090301,0,877540.0
1247,70.2324,1,74.04129999999999,2,57.13489409141583,0,919445.0
1248,96.0586,0,0.0,1,82.49721293199555,0,837607.0
1249,105.3486,1,85.83959999999999,1,36.78929765886288,0,638435.0
1250,91.7852,0,0.0,1,25.641025641025642,0,586670.0
1251,196.019,0,0.0,2,48.49498327759198,1,1.20292e6
1252,130.5245,0,0.0,2,44.40728353771832,0,846727.5
1253,81.1946,0,0.0,1,26.755852842809364,0,640900.0
1254,140.8364,1,60.4779,2,48.12337421033074,0,1.44942e6
1255,70.604,1,83.2384,2,36.88219992567819,0,815422.0
1256,89.0911,1,37.9032,1,52.02526941657377,0,628575.0
1257,184.5923,0,0.0,2,64.19546636937942,0,1.486395e6
1258,80.26559999999999,0,0.0,1,0.0,0,492507.0
1259,108.3214,0,0.0,2,37.16090672612412,0,936700.0
1260,97.9166,0,0.0,1,42.73504273504274,0,744430.0
1261,82.8668,1,72.7407,2,46.63693794128577,0,892330.0
1262,97.545,0,0.0,1,31.40096618357488,0,635477.0
1263,102.5616,1,63.5436,1,28.24228911185433,0,796195.0
1264,98.474,1,70.9756,1,48.309178743961354,0,889865.0
1265,124.2073,0,0.0,2,47.47305834262356,0,892330.0
1266,66.2377,1,68.6531,2,47.00854700854701,0,906627.0
1267,89.5556,1,85.93249999999999,1,28.613898179115573,0,601460.0
1268,187.4722,0,0.0,2,69.30509104422148,1,1.866005e6
1269,182.8272,1,137.3991,3,94.20289855072464,0,1.87833e6
1270,81.1946,1,60.385,1,29.264214046822744,0,709920.0
1271,123.7428,1,17.8368,0,54.44072835377184,0,1.2818e6
1272,138.3281,0,0.0,2,42.920847268673356,0,915747.5
1273,86.86149999999999,0,0.0,1,26.755852842809364,0,675410.0
1274,126.0653,0,0.0,1,28.985507246376812,1,872610.0
1275,61.4069,1,54.7181,2,51.282051282051285,0,685270.0
1276,86.21119999999999,1,92.1568,2,37.16090672612412,0,675410.0
1277,68.2815,1,61.314,1,46.17242660720922,0,798660.0
1278,160.15959999999998,0,0.0,1,44.593088071348944,0,975647.0
1279,104.7912,1,83.8887,2,53.604607952434044,0,1.16841e6
1280,64.8442,1,39.947,1,49.05239687848384,0,337212.0
1281,146.1317,0,0.0,2,50.538833147528806,0,1.11911e6
1282,124.3931,0,0.0,2,44.964697138610184,0,887400.0
1283,96.616,0,0.0,2,44.964697138610184,0,741965.0
1284,84.7248,1,84.7248,2,0.0,0,685270.0
1285,157.8371,1,69.4892,2,31.21516164994426,0,833170.0
1286,76.6425,1,54.5323,1,26.012634708286885,0,653225.0
1287,123.3712,0,0.0,1,49.05239687848384,0,704990.0
1288,146.96779999999998,0,0.0,2,36.231884057971016,0,936700.0
1289,154.12109999999998,0,0.0,2,46.35823114083984,1,1.37054e6
1290,104.048,1,78.965,2,69.95540691192866,1,1.38533e6
1291,107.0208,0,0.0,1,44.964697138610184,0,889865.0
1292,58.527,1,62.4288,2,24.52619843924192,0,589135.0
1293,128.0162,1,92.3426,2,40.13377926421405,0,529975.0
1294,77.2928,1,77.2928,2,49.05239687848384,0,803097.0
1295,80.26559999999999,0,0.0,1,53.14009661835749,0,566950.0
1296,97.7308,0,0.0,1,26.755852842809364,0,682805.0
1297,104.7912,0,0.0,2,48.77369007803791,0,764150.0
1298,99.5888,0,0.0,2,48.77369007803791,0,690200.0
1300,115.7534,0,0.0,1,28.33519137866964,0,759220.0
1301,93.3645,1,90.8562,2,45.52211073950205,0,1.10925e6
1302,69.9537,1,68.8389,1,19.788182831661093,0,875075.0
1303,111.7587,1,122.9067,2,78.40951319212189,0,1.4297e6
1304,150.1264,0,0.0,2,77.48049052396878,0,1.14376e6
1305,90.6704,1,68.0028,2,35.30286138981791,0,640900.0
1306,153.4708,0,0.0,2,78.03790412486065,1,1.60225e6
1307,127.0872,0,0.0,2,44.03567447045708,0,998325.0
1308,91.971,0,0.0,1,44.593088071348944,0,680340.0
1309,104.2338,0,0.0,1,49.05239687848384,0,724710.0
1310,120.2126,0,0.0,2,46.07952434039391,0,883456.0
1311,176.6958,0,0.0,2,52.67558528428094,1,1.65155e6
1312,118.3546,0,0.0,2,47.194351542177635,0,1.00079e6
1313,134.9837,1,126.0653,2,69.67670011148273,0,1.48886e6
1314,132.1038,1,109.3433,2,72.37086584912673,0,1.64251824e6
1315,88.0692,0,0.0,1,26.012634708286885,0,586670.0
1316,101.4468,1,94.758,2,53.51170568561873,0,1.020017e6
1317,151.427,0,0.0,2,79.89594946116685,1,1.45678049e6
1318,125.6008,0,0.0,2,43.2924563359346,0,1.029877e6
1319,166.01229999999998,0,0.0,2,69.4908955778521,0,1.35575e6
1320,88.0692,0,0.0,1,23.039762170196955,0,547230.0
1321,137.3062,0,0.0,1,41.06280193236715,0,771545.0
1322,66.88799999999999,0,0.0,1,26.662950575994056,0,357425.0
1323,98.5669,1,80.07979999999999,2,52.39687848383501,0,936700.0
1324,65.7732,0,0.0,1,0.0,0,406725.0
1325,166.75549999999998,0,0.0,2,83.14752879970271,0,724710.0
1326,73.94839999999999,0,0.0,1,0.0,0,271150.0
1327,71.9046,0,0.0,1,0.0,0,389470.0
1328,75.8064,0,0.0,1,24.52619843924192,0,643365.0
1329,147.15359999999998,1,112.2232,2,48.309178743961354,0,1.26208e6
1330,88.7195,1,62.8933,2,42.920847268673356,0,870145.0
1331,147.52519999999998,0,0.0,2,76.644370122631,0,1.11911e6
1332,88.6266,0,0.0,1,53.51170568561873,0,653225.0
1333,75.8064,0,0.0,1,26.755852842809364,0,493000.0
1334,74.5987,1,51.7453,1,27.59197324414716,0,618715.0
1335,71.0685,1,55.74,1,40.876997398736535,0,616250.0
1336,123.9286,0,0.0,2,58.52842809364549,0,827747.0
1337,153.8424,0,0.0,2,47.00854700854701,0,665550.0
1338,64.3797,0,0.0,1,0.0,0,258825.0
1339,85.468,1,87.4189,2,45.70791527313267,0,986000.0
1340,80.26559999999999,0,0.0,1,26.755852842809364,0,633505.0
1341,81.0088,0,0.0,1,44.593088071348944,0,606390.0
1342,103.4906,0,0.0,1,53.51170568561873,0,764150.0
1343,119.2836,1,82.2165,2,60.10776662950576,0,1.126505e6
1344,108.8788,1,68.8389,1,31.772575250836123,0,872610.0
1345,67.63119999999999,1,67.63119999999999,2,40.876997398736535,0,768266.5499999999
1346,89.184,0,0.0,1,28.613898179115573,0,534905.0
1347,200.2924,0,0.0,2,47.194351542177635,0,1.294125e6
1348,164.9904,0,0.0,2,66.14641397250094,0,1.39747259e6
1349,138.7926,0,0.0,2,47.75176514306949,0,1.05995e6
1350,87.1402,1,112.8735,2,0.0,0,601460.0
1351,124.3002,1,120.3984,2,89.92939427722037,0,986000.0
1352,79.70819999999999,1,79.70819999999999,1,45.52211073950205,0,843030.0
1353,73.01939999999999,1,36.231,1,57.971014492753625,0,665057.0
1355,92.1568,1,81.1017,2,77.94500185804534,0,1.15855e6
1356,113.5238,1,64.8442,3,45.243403939056115,0,838100.0
1357,82.8668,0,0.0,1,24.52619843924192,0,542300.0
1358,100.1462,0,0.0,1,46.45113340765515,0,739007.0
1359,71.4401,1,74.6916,2,40.876997398736535,0,875075.0
1360,183.942,0,0.0,2,71.53474544778894,1,1.55295e6
1361,91.971,1,149.6619,3,57.69230769230769,0,931770.0
1362,142.137,0,0.0,2,39.947974730583425,0,1.2818e6
1363,119.0049,1,42.4553,2,34.18803418803419,0,517157.0
1364,57.2264,1,73.94839999999999,2,40.13377926421405,0,773674.76
1365,48.308,1,55.74,2,44.593088071348944,0,710669.36
1366,75.6206,1,79.89399999999999,2,61.594202898550726,0,1.06488e6
1367,81.9378,1,84.3532,2,54.626532887402455,0,951490.0
1368,85.93249999999999,1,51.095,2,31.21516164994426,0,626110.0
1369,78.7792,0,0.0,1,39.01895206243032,0,709920.0
1370,154.9572,0,0.0,2,46.63693794128577,0,1.14376e6
1371,78.036,1,49.6086,1,31.40096618357488,0,517650.0
1372,154.30689999999998,0,0.0,1,35.02415458937198,0,815915.0
1373,102.9332,1,91.8781,2,54.16202155332591,0,1.352299e6
1375,95.3154,1,86.58279999999999,2,86.95652173913044,0,1.2325e6
1376,145.9459,0,0.0,2,67.07543664065403,0,1.17827e6
1377,73.39099999999999,0,0.0,1,14.864362690449648,0,448630.0
1378,91.4136,1,57.598,2,61.315496098104795,0,576810.0
1379,44.8707,1,46.8216,1,24.52619843924192,0,409190.0
1380,70.0466,1,59.456,2,37.16090672612412,0,825775.0
1381,80.26559999999999,0,0.0,1,18.58045336306206,0,288405.0
1382,196.6693,0,0.0,2,51.09624674842066,0,1.170875e6
1383,92.7142,1,70.9756,1,53.51170568561873,0,774010.0
1384,131.5464,0,0.0,2,53.51170568561873,0,552160.0
1385,64.8442,1,52.024,1,26.012634708286885,0,517650.0
1386,73.94839999999999,1,33.2582,1,22.296544035674472,0,618715.0
1387,129.3168,1,129.3168,3,52.39687848383501,0,1.2325e6
1388,154.5856,1,80.07979999999999,2,20.066889632107024,0,670480.0
1389,162.2034,0,0.0,2,70.41991824600521,1,1.861075e6
1390,80.7301,1,32.4221,1,40.876997398736535,0,645830.0
1391,141.6725,0,0.0,2,50.260126347082874,0,1.15855e6
1392,147.15359999999998,0,0.0,2,73.57859531772576,0,611320.0
1393,83.61,0,0.0,1,26.755852842809364,0,606390.0
1394,113.4309,1,64.1939,2,62.43032329988852,0,803590.0
1395,139.35,0,0.0,2,60.200668896321076,0,1.21562954e6
1396,105.2557,1,125.3221,2,59.64325529542921,0,1.38638009e6
1398,87.2331,1,53.3246,1,16.722408026755854,0,677875.0
1399,105.5344,1,71.3472,1,22.296544035674472,0,680340.0
1400,107.764,1,41.6192,2,20.066889632107024,0,677628.5
1401,88.255,1,19.3232,1,19.32367149758454,0,591600.0
1402,80.26559999999999,1,67.72409999999999,2,36.9751021924935,0,951490.0
1403,120.2126,0,0.0,2,61.50130063173542,0,955823.47
1404,136.0056,0,0.0,2,70.04830917874396,0,1.39480546e6
1405,64.4726,1,48.308,1,86.95652173913044,0,517650.0
1406,152.9134,0,0.0,2,44.77889260497957,0,1.35575e6
1407,71.3472,0,0.0,1,36.78929765886288,0,655690.0
1408,77.3857,0,0.0,1,0.0,0,552160.0
1409,68.8389,1,57.7838,1,49.05239687848384,0,618715.0
1410,114.8244,1,79.61529999999999,2,50.35302861389818,0,1.05995e6
1411,87.6976,1,83.2384,2,57.78520995912301,0,1.1339e6
1412,103.3048,1,51.6524,1,25.17651430694909,0,690200.0
1413,96.616,0,0.0,2,39.01895206243032,0,443700.0
1414,171.30759999999998,0,0.0,2,57.599405425492385,0,1.26701e6
1415,97.8237,1,73.85549999999999,1,34.37383872166481,0,1.02051e6
1416,145.7601,0,0.0,2,61.315496098104795,0,867187.0
1417,115.7534,1,96.9876,2,52.02526941657377,0,603925.0
1418,121.699,1,105.906,2,99.31252322556671,0,1.6762e6
1419,106.2776,0,0.0,1,31.21516164994426,0,611320.0
1420,171.30759999999998,0,0.0,2,50.16722408026756,0,1.09939e6
1421,65.7732,1,65.7732,2,72.0921590486808,0,886907.0
1422,99.3101,0,0.0,2,40.876997398736535,0,628575.0
1423,78.7792,0,0.0,1,39.01895206243032,0,672945.0
1424,146.3175,1,58.1554,2,40.13377926421405,0,1.3556021e6
1425,124.8576,0,0.0,1,44.964697138610184,0,709920.0
1426,116.3108,0,0.0,1,49.05239687848384,0,700060.0
1427,113.6167,1,83.9816,2,48.77369007803791,0,1.33603e6
1428,97.3592,1,47.379,1,26.755852842809364,0,690200.0
1429,74.6916,0,0.0,1,22.296544035674472,0,586670.0
1430,133.77599999999998,0,0.0,2,43.38535860274991,0,901697.0
1431,68.1886,1,102.5616,2,34.559643255295434,0,947250.2
1432,88.9982,0,0.0,2,40.876997398736535,0,708687.5
1433,89.9272,0,0.0,2,20.066889632107024,0,317985.0
1434,89.3698,1,77.107,2,41.898922333704945,0,919445.0
1435,104.6054,0,0.0,2,44.964697138610184,0,788800.0
1436,142.7873,0,0.0,1,42.920847268673356,0,857820.0
1437,80.26559999999999,0,0.0,1,49.05239687848384,0,594065.0
1438,179.4828,0,0.0,2,71.90635451505017,1,1.94546181e6
1439,114.8244,0,0.0,1,85.74879227053141,0,738021.0
1440,96.616,1,63.6365,2,51.09624674842066,0,971210.0
1441,132.1967,1,69.4892,2,62.43032329988852,0,941630.0
1442,78.7792,0,0.0,1,39.01895206243032,0,736049.0
1443,95.3154,1,91.1349,2,75.43664065403196,1,1.5283e6
1444,88.4408,0,0.0,1,17.837235228539576,0,596530.0
1445,132.1038,0,0.0,2,58.15681902638425,0,885428.0
1446,84.8177,0,0.0,1,22.296544035674472,0,635970.0
1447,110.3652,0,0.0,1,28.985507246376812,0,778447.0
1448,113.338,1,80.823,2,51.653660349312524,0,1.1832e6
1449,73.94839999999999,1,51.095,1,35.67447045707915,0,552160.0
1450,58.527,0,0.0,1,0.0,1,453560.0
1451,83.2384,1,83.2384,2,0.0,0,670480.0
1452,146.59619999999998,0,0.0,2,78.03790412486065,1,1.4153537e6
1453,99.5888,0,0.0,1,48.77369007803791,0,714850.0
1454,105.906,0,0.0,1,0.0,0,416585.0
1455,113.4309,0,0.0,2,37.16090672612412,0,912050.0
1456,88.5337,1,64.4726,2,42.73504273504274,0,862750.0
1457,192.5817,0,0.0,2,46.45113340765515,0,1.0353e6
1458,110.3652,1,107.0208,2,23.411371237458194,0,1.313845e6
1459,100.1462,0,0.0,1,22.296544035674472,0,700676.25
1460,116.6824,0,0.0,1,25.641025641025642,0,727175.0
